33 -12 1 m7 -35 8 36;-83 -9 25;-58 5 21;-96 -7 14
33 -13 0 m7 -96 -15 30;-88 -10 16;-32 1 16;-58 -4 14;-12 3 11
34 -13 0 m6 -124 -11 53;-140 -23 17;-102 5 16;-57 9 9
34 -13 0 s -139 -29 41;-130 -29 16;-56 3 13;7 22 11;-12 14 9
34 -13 0 m5 -124 -16 72;-142 -11 9;-105 8 6
34 -14 0 m6 -143 -22 56;-99 3 20;-125 6 12;18 17 8
34 -14 0 m1 32 3 29;15 11 29;50 8 24;-121 -23 12
34 -13 0 m1 12 8 28;32 6 27;-13 8 16;53 6 10;-33 9 9
34 -13 0 m0 -14 9 34;-33 8 30;7 11 13;-54 6 11;-78 3 6
34 -13 0 m7 -33 9 51;-55 3 24;-81 8 14
34 -14 1 m6 -103 4 58;-76 7 18;-38 5 10;-57 9 7
34 -14 1 m5 -103 4 49;-119 3 32;-81 5 7;51 43 6
34 -15 1 m6 -56 8 29;-33 6 25;-78 6 20;-94 5 14;-15 11 8
34 -15 2 m7 -32 8 49;-14 10 24;8 13 15;63 34 6
35 -15 2 m7 -14 11 34;-30 5 28;11 13 28
35 -16 2 m7 12 13 32;-7 11 28;31 12 23;-54 16 9;51 14 6
35 -16 2 m0 33 11 39;11 13 32;52 12 14;-9 9 14
35 -16 2 m1 35 11 56;53 10 38;84 11 6
36 -15 2 m1 35 13 24;53 9 23;10 14 22;-14 11 19;-29 10 9
36 -15 2 m0 -14 12 49;-31 12 27;14 13 18
37 -15 2 m0 -56 13 39;-36 12 31;-73 11 13;-15 9 9;-97 10 8
37 -15 2 m7 -56 11 36;-72 13 30;-34 10 17;-18 12 11;-97 11 6
37 -15 2 s -75 10 41;-39 8 23;-55 10 20;-92 11 7;-13 8 7
37 -15 2 m4 168 20 23;-72 10 17;-54 12 15;-151 13 13;-169 15 11
37 -15 2 m3 -12 10 30;-50 12 26;-164 13 13;-148 14 7;6 11 7
37 -15 2 m1 -54 11 46;-36 7 31;-70 11 15;-22 14 8
37 -15 2 m6 -58 10 50;-32 11 36;-71 10 14
36 -15 2 m4 -148 14 31;-14 10 18;-121 17 16;53 11 10;173 19 8
36 -15 2 m5 -122 14 51;-144 16 14;-103 14 12;-38 10 7;-18 8 7
35 -15 2 m4 120 25 50;153 21 17;160 18 17;92 28 6;-52 7 6
35 -15 2 m5 -146 15 29;-121 9 14;-26 10 14;152 25 7;-111 20 7
35 -16 2 m5 145 20 28;167 19 28;-170 15 10;-144 16 10;10 17 7
35 -16 2 m4 164 18 45;145 20 27;122 20 18;-169 17 6
35 -15 2 m3 149 20 60;123 21 20;27 10 10;-8 25 5;100 28 5
34 -15 2 m3 78 29 28;101 23 26;124 20 15;150 20 9;32 23 6
34 -15 1 m3 60 30 53;74 24 33;43 23 7;97 22 7
34 -15 1 m2 55 22 70;42 25 15;73 19 15
34 -15 1 m1 53 22 67;34 17 29
34 -14 1 m1 54 22 55;36 21 26;74 19 16
34 -14 1 m2 55 21 56;37 18 37;80 22 7
35 -14 0 m2 149 14 31;79 12 23;100 8 19;37 17 8;16 11 8
35 -13 0 m1 13 10 20;-35 10 20;-54 13 17;35 10 15;-14 13 14
35 -13 0 m0 -34 11 53;-53 11 17;-79 13 14;-17 10 8;-99 14 7
35 -13 0 m7 -33 9 49;-79 12 17;-101 12 16;-55 10 11
36 -14 0 m7 -34 9 40;-55 9 26;-77 8 18;-102 10 8
37 -15 1 m7 -125 13 87;-136 6 7;-92 12 7
37 -15 0 m7 -74 5 33;-122 9 27;-103 9 20;-141 9 16
37 -15 0 s -72 5 67;-140 8 15;-129 12 8;-97 10 6
37 -15 0 m4 -126 10 31;-138 11 27;-100 9 19;-76 6 15
37 -15 0 m5 -126 11 52;-140 11 20;-79 6 13;-104 9 11
37 -15 0 m1 -126 7 51;55 3 16;37 1 13;-75 1 7
38 -14 0 m1 -124 8 44;-12 9 13;-29 5 10;33 1 8;105 5 8
38 -13 0 m1 -9 12 26;11 10 17;-126 -11 17;30 6 13;-108 9 9
39 -13 0 m0 -13 11 55;-32 13 24;8 5 6;-50 6 6;41 6 6
39 -13 0 m7 -35 7 35;-58 11 21;-80 4 21;-10 4 15;-126 -8 9
39 -14 0 m7 -57 3 22;-105 2 22;177 1 22;-75 10 17;-11 1 11
39 -14 0 m0 -107 6 30;-122 6 22;-56 2 17;152 3 17
39 -14 0 s 172 1 31;-147 3 22;-170 5 16;142 1 11;-120 4 8
40 -14 0 s -117 6 34;-102 13 24;-61 1 23;-88 4 6
40 -14 0 m0 -101 11 64;-16 -9 21;-78 7 14
39 -13 0 m3 -126 6 36;-163 19 21;-94 7 14;167 -3 14;-89 4 7
39 -13 0 s -118 3 43;-103 -5 20;-32 19 20;-58 3 8;-3 3 5
40 -13 0 m0 -12 25 46;-31 15 29;-97 2 14;-60 20 9
39 -12 0 s -103 2 50;-116 3 50
39 -12 0 m0 -36 10 29;-100 2 29;-52 4 24;-117 5 10
40 -12 0 m0 -107 3 47;-115 4 18;-58 8 12;45 4 12;-79 6 6
41 -13 0 m7 -33 19 27;-82 16 27;-121 2 24;-103 7 15
41 -13 0 s -121 2 82;-32 -1 18
41 -13 0 m6 -109 9 50;-41 1 40;-120 6 10
42 -14 0 m7 -63 7 50;-129 3 19;-73 23 19;-12 1 6;-23 9 6
29 -5 0 s -70 12 95
29 -5 0 m7 -55 4 53;-36 4 33;-71 8 8
30 -6 0 m7 -32 4 64;-56 4 28;-18 2 5
30 -7 0 m7 -53 4 61;-40 5 37
31 -7 0 m7 -28 5 74;-20 4 17;-53 5 10
31 -8 0 m7 -54 -1 59;-38 6 37
31 -8 0 m0 -34 1 45;-52 -6 33;-11 5 22
32 -8 0 m7 -60 -24 56;-70 -19 19;-32 6 19;-15 12 6
32 -8 0 m6 -71 -30 92;-61 -37 8
31 -8 0 s -69 -17 82;-61 -13 18
32 -9 0 m6 -71 -33 77;-64 -33 23
32 -10 0 m6 -78 7 56;-61 -4 44
32 -11 0 m6 -81 3 67;-58 2 27
32 -12 0 m6 -85 0 63;-93 4 20;-54 2 17
32 -13 0 m6 -80 0 60;-93 6 27;-44 4 7;-64 10 7
32 -13 0 m7 -34 4 57;-11 8 27;-82 -14 14
33 -13 0 m6 -101 -15 56;-86 -27 43
33 -14 0 m6 -99 -35 39;-84 -33 27;-150 -32 8;-8 -3 7;-122 -39 6
32 -14 0 m5 -83 -13 41;-121 -15 41;-100 -7 15
32 -15 0 m6 -51 -47 31;-75 -37 31;-107 -50 15;1 7 8;-34 -40 8
33 -15 0 m0 30 3 67;-15 -14 17;48 -1 8;20 1 8
33 -14 0 m1 33 3 44;50 3 22;-128 -40 12;10 7 11;-142 -40 7
36 -15 2 m2 -9 11 32;10 12 27;32 14 21;56 10 12
36 -15 2 m7 -16 10 75;151 29 8;10 10 8;64 18 8
36 -15 2 m6 -101 13 57;-119 16 11;-77 9 9;-11 8 7
36 -15 2 s -17 5 45;-27 8 36;32 13 9;3 7 6
37 -15 2 m2 -56 12 29;-72 11 21;61 13 14;138 26 14;75 19 7
37 -14 2 m2 58 19 32;11 11 21;107 29 21;80 21 18
37 -14 2 m0 -13 18 30;-59 11 24;-28 14 17;-73 4 16;3 18 11
37 -14 2 m1 52 26 23;-35 15 19;37 17 18;12 28 12;-11 24 12
38 -14 1 m0 -121 14 21;-36 12 21;-55 13 14;-74 12 14;11 24 14
38 -14 1 s -81 8 63;141 26 12;-93 5 11;-65 8 6
46 -34 -2 m4 -177 2 55;173 4 40
45 -34 -2 m4 168 4 64;-176 2 35
44 -34 -2 m4 166 2 61;-173 5 23;150 2 15
43 -34 -2 m4 165 1 41;152 2 34;-175 5 17;125 -13 6
43 -35 -2 m4 -174 5 45;171 4 41;149 2 10
42 -35 -2 m4 173 6 50;-176 4 43;149 2 6
41 -35 -2 m4 172 5 60;-177 3 34;143 1 5
40 -35 -2 m4 172 4 64;-176 4 31
39 -35 -2 m4 170 6 61;-175 2 32;119 -10 7
38 -35 -2 m4 172 6 59;-174 3 37
37 -35 -2 m4 -173 4 55;171 6 38;144 1 7
37 -35 -1 m4 -175 3 56;172 6 41
36 -35 -1 m4 -173 4 64;170 7 28
35 -35 -1 m4 -170 5 60;168 8 19;151 5 6;80 0 5
34 -35 -1 m4 -164 7 37;-152 7 36;168 5 8;74 -2 8
34 -35 -1 m5 -145 6 90;-163 1 10
33 -35 -1 m5 -126 10 49;-140 10 27;-107 4 8;77 -5 8
33 -35 -1 m4 -126 7 36;-145 10 34;78 -2 11;-103 6 8
33 -35 -1 m6 -126 7 54;-148 11 17;-109 9 11;-84 5 9;-60 4 6
33 -36 -1 m6 -145 10 27;-78 8 19;-57 8 15;-129 11 14;-166 13 9
33 -37 -1 m6 82 3 50;-128 5 31;63 3 19
33 -37 -1 s 84 -1 97
34 -37 -1 s 77 -1 97
33 -37 -1 m4 145 4 41;76 2 19;165 6 16;123 4 12;-136 19 6
34 -37 -1 m0 72 -1 75;-85 9 6;-107 9 6;9 2 6;51 0 6
34 -37 -1 m3 98 5 50;75 -0 44;149 7 6
34 -37 -1 m2 80 2 73;100 3 18;117 3 9
33 -36 -1 m3 117 6 40;72 0 30;108 1 10;162 8 10;-178 3 10
33 -35 -1 m2 74 0 82;122 -3 12;95 -4 6
35 -31 -1 m1 77 -2 80;61 0 20
36 -31 -1 m0 78 -11 80;101 -3 13;22 0 7
36 -30 -1 m2 79 -6 75;102 -2 25
36 -30 -1 s 81 -4 98
36 -30 -1 m3 103 4 39;120 1 32;78 0 23;140 6 7
36 -29 -1 m2 80 -13 67;64 -2 29
36 -28 -1 m2 78 -31 86;36 0 9
36 -28 -1 m1 77 -12 92;61 -3 8
37 -27 -1 m2 33 -2 29;76 -29 29;104 -4 29;65 -5 14
37 -26 -1 m2 75 -0 47;27 -3 27;105 -9 13;20 -7 7;56 1 7
38 -24 -1 s 29 -2 88;90 -3 11
46 -35 -2 s -180 0 88;167 1 5
46 -35 -2 m5 -127 31 32;-150 18 26;-173 8 21;166 12 11;-106 3 11
46 -35 -2 m4 -175 4 51;176 5 40;150 2 5
45 -35 -2 m4 173 4 54;-175 6 40
44 -35 -2 m4 170 4 50;-173 6 38;150 5 11
40 -34 -2 m4 173 2 67;146 0 27
39 -34 -2 m4 173 2 40;143 2 33;-176 3 19
38 -34 -2 m4 170 3 39;125 -0 20;-172 4 18;104 1 11;141 3 11
34 -37 -1 m4 77 0 65;128 8 22;101 5 9
33 -37 -1 m3 78 2 36;117 6 23;96 4 23;-141 23 14
33 -36 -1 m4 -172 8 55;73 0 23;66 -0 14
33 -36 -1 m5 -148 11 47;-166 12 37;-130 10 7
32 -36 -1 m5 -169 10 46;-148 11 22;169 10 16;148 12 9
32 -36 -1 m4 -170 10 47;169 9 29;124 13 12;146 10 10
31 -36 -1 m4 145 10 35;79 3 30;102 8 13;123 9 12;165 7 8
31 -36 -1 m3 79 3 26;123 8 26;142 5 19;99 3 18;62 2 8
31 -35 -1 m3 64 -7 37;102 5 20;124 8 17;75 -2 17;146 4 6
31 -35 -1 m2 60 -11 44;74 2 39;100 3 12
30 -35 -1 m3 123 8 28;77 -1 24;143 5 19;107 10 17;64 -0 8
30 -34 -1 m3 55 1 36;167 2 20;146 5 16;74 -5 11;101 -1 9
29 -34 -1 m3 143 2 47;128 7 35;165 1 8;55 -1 6
29 -33 -1 m3 144 1 62;162 4 31;48 5 8
28 -33 -1 m3 126 5 70;141 2 26
28 -32 -1 m3 127 2 90;136 3 10
27 -32 -1 m3 123 5 71;107 7 24
27 -31 -1 m3 106 6 47;121 4 43;84 3 10
26 -31 -1 m2 100 6 81;122 6 10;84 4 8
26 -30 -1 m2 100 6 42;78 6 32;57 5 9
26 -30 -1 m3 81 6 29;96 7 23;60 5 12;121 8 9;145 8 8
26 -30 -1 m4 36 4 25;-169 -7 19;-142 -11 12;-122 -15 12;-99 -30 12
26 -30 -1 s -101 -43 41;-118 -39 19;33 -1 13;-77 -31 9
26 -30 0 s -98 -32 40;-80 -21 29;60 49 21;-114 -51 8
26 -30 0 m6 -82 -16 41;-56 -4 24;-99 -35 21;-114 -63 7
26 -31 0 m6 -12 6 24;-74 1 24;-57 12 19;-38 2 17;28 29 10
26 -31 0 m7 -14 5 44;-32 14 29;10 1 13;-50 8 13
26 -32 0 m7 -31 14 32;-14 13 25;12 4 23;29 5 18
27 -32 0 m0 34 2 43;8 10 27;-10 13 16;49 2 10
27 -32 0 m7 33 2 62;19 2 15;-16 14 12;-30 6 8
28 -32 0 m0 4 15 46;-11 11 38;36 -2 15
28 -32 0 m1 36 -3 70;6 13 15;61 5 10;71 8 5
28 -31 0 m1 38 -16 83;73 8 12
28 -30 0 m2 37 -6 65;52 2 12;96 11 12;12 10 12
28 -30 0 m1 37 -18 100
28 -30 0 s 38 0 74;-6 5 17;5 4 6
29 -30 0 s 31 -4 72;54 3 25
46 -36 -2 m4 173 0 46;-175 0 38;153 2 10;-153 8 6
45 -36 -2 m4 171 2 55;-176 1 33;152 1 11
44 -36 -2 m4 170 1 62;-176 2 36
43 -36 -2 m4 173 1 70;-175 5 30
42 -36 -2 m4 173 1 72;-174 7 28
33 -36 -1 m7 -56 7 76;-73 7 14;-41 7 10
33 -38 -1 m7 7 1 43;-7 1 38;62 1 14
34 -38 -1 m7 -7 6 46;12 2 31;79 1 15;94 1 8
34 -38 -1 m0 75 2 33;11 2 22;59 1 22;36 2 13;102 9 7
35 -38 -1 m0 83 -0 84
35 -38 -1 s 82 -2 92;96 4 7
35 -38 -1 m1 76 1 92;90 0 8
33 -37 -1 m0 -8 1 55;3 -2 24;79 3 14
32 -37 -1 m3 144 3 39;124 8 39;38 8 8;69 3 5;59 6 5
32 -36 -1 m3 30 6 39;124 17 17;102 9 17;15 8 11;165 3 6
31 -36 -1 m2 74 3 69;104 8 12;63 15 8;39 6 6
31 -36 -1 m1 75 -2 53;63 -2 27;32 8 20
31 -35 -1 s 73 -2 51;101 -8 24;63 -8 22
26 -30 -1 m0 35 6 55;-112 -19 10;-31 -4 10;51 23 5;-90 -39 5
26 -30 -1 m1 37 4 33;-76 -33 25;57 1 17;-65 -14 17;-5 6 8
26 -29 -1 m2 59 7 49;74 6 30;35 3 19
26 -29 -1 m1 58 6 49;35 5 24;73 4 21;20 11 5
26 -28 -1 m1 58 9 58;34 3 21;69 4 21
26 -28 -1 s 42 -3 55;52 11 45
27 -28 -1 m0 79 2 47;59 5 33;39 8 13;-6 14 7
27 -28 -1 m1 78 4 49;60 6 33;35 5 13
27 -28 -1 m2 81 6 55;93 4 19;58 6 13;27 1 12
27 -27 -1 m2 84 4 60;93 3 20;37 -1 8;57 6 8
27 -26 -1 m2 79 -2 80;63 -5 9
27 -26 -1 s 18 -3 49;80 -7 18;31 -4 13;92 5 12;-56 6 7
27 -26 -1 m6 -60 10 54;-78 8 23;79 -14 8;-44 13 8
28 -22 -1 m3 101 2 47;122 5 28;81 3 16;145 4 9
27 -21 -1 m3 59 2 57;76 6 25;96 5 9;39 -3 7
27 -21 -1 m2 57 2 56;74 4 32;97 6 7
27 -21 -1 m1 53 -2 86;43 -1 14
28 -20 -1 m1 54 4 68;35 4 25;15 5 6
28 -20 -1 m2 34 3 35;54 2 34;76 6 22;15 5 7
28 -19 -1 m2 9 2 43;31 2 29;-6 1 20;49 3 6
28 -19 -1 m1 8 2 41;33 -5 24;50 5 19;-6 1 15
28 -19 -1 s -7 -0 79;5 -2 8;-113 -0 5
28 -18 -1 m1 -9 1 72;28 -2 22;-28 -6 6
29 -18 -1 m1 -13 1 54;-25 2 17;13 6 17;35 -3 11
29 -18 -1 m0 -12 2 79;-25 -0 13;3 3 6
46 -36 -2 m5 170 13 60;-170 6 27;-155 21 7;-92 2 7
37 -34 -2 m4 168 2 65;139 1 19;106 -3 6;120 -1 6
36 -34 -2 m4 170 2 68;140 -0 23
35 -34 -1 m4 171 7 67;-169 4 10;140 -2 10;-146 5 5
34 -34 -1 m4 170 6 69;-179 4 17;-141 6 9
33 -34 -1 m4 170 6 84;71 -2 11
33 -34 -1 m3 143 15 34;168 17 23;99 5 20;129 1 11;74 -1 11
32 -34 -1 m4 172 11 61;-165 9 26;151 5 10
31 -34 -1 m4 172 6 62;-170 8 16;122 4 7;-154 8 6
30 -34 -1 m4 170 5 59;-164 4 12;154 2 12;58 1 7;-154 6 7
29 -34 -1 m4 148 5 35;166 2 31;5 -15 10;128 5 9;52 -3 8
29 -33 -1 m4 164 4 33;150 4 21;-162 4 17;51 3 12;126 4 12
28 -33 -1 m4 126 4 75;144 6 15;-178 4 5;-63 10 5
26 -31 -1 m3 104 7 85;121 7 13
26 -30 -1 m6 -59 4 58;-102 -17 18;-77 7 18
29 -31 0 m7 55 4 72;-19 9 11;12 8 11;37 7 6
28 -5 0 m6 -71 4 62;-63 7 32
28 -5 0 m7 -56 3 54;-39 4 34;-70 -1 9
28 -6 0 m7 -37 3 56;-51 2 32;-17 2 7;-72 3 5
29 -6 0 m7 -37 3 49;-53 4 46
29 -7 0 m7 -38 3 66;-51 3 27
30 -7 0 m0 -9 5 62;-28 3 21;1 2 17
30 -8 0 m0 -33 -1 44;-49 6 25;-14 1 25;0 2 6
30 -8 0 m7 -38 4 50;-51 1 41;-16 4 5
32 -8 0 m2 -14 9 42;35 17 17;-23 11 17;-77 4 8;58 14 8
32 -8 0 s -72 -21 91;-64 -1 9
32 -9 0 m7 -56 0 58;-71 -16 23;-38 0 19
32 -10 0 m7 -55 4 71;-41 5 14;-74 -2 13
33 -10 0 m7 -80 -14 51;-55 1 32;-41 3 14
33 -11 0 m7 -57 4 41;-38 9 31;-79 -7 18
33 -11 1 m7 -38 11 71;-49 8 20;-80 1 10
34 -12 1 m7 -40 10 71;-49 8 25
34 -12 0 m7 -37 8 62;-50 10 25
35 -13 0 m6 -77 11 27;-58 12 27;-101 9 27;-120 8 8;-36 13 6
34 -15 1 m7 60 26 50;-38 12 38;14 6 6;-22 5 6
37 -15 2 m5 -35 6 23;-64 12 20;-149 15 17;-128 30 10;-107 13 10
37 -14 2 m4 148 17 21;40 25 21;-70 -0 14;1 13 14;160 23 7
37 -14 2 m5 -59 3 33;-36 16 20;-9 8 20;-108 13 13;-72 -6 13
36 -14 2 m5 -125 22 46;34 22 31;-6 21 8;46 25 8;21 15 8
35 -16 2 m3 101 22 40;144 17 24;124 19 12;56 14 12;164 18 8
34 -15 2 m4 78 25 29;121 21 24;159 19 18;64 21 12;98 32 12
34 -15 2 s 62 29 50;69 29 50
35 -16 2 s 49 18 68;32 10 30
35 -15 2 m0 15 13 34;34 10 32;-12 3 18;-25 8 9
36 -14 2 m1 -29 10 27;-12 9 25;36 12 21;14 17 17;51 21 10
38 -13 1 m1 12 26 27;-65 7 18;26 19 18;138 18 9;124 20 9
41 -13 0 m0 -34 12 44;-16 34 28;-111 0 16;-83 21 6
28 -6 0 m6 -74 2 57;-60 4 30;-108 5 14
33 -10 0 m6 -80 -27 93;-58 -13 6
33 -11 0 m6 -84 -24 58;-96 -22 26;-60 -11 12
33 -11 0 m5 -83 -4 87;-93 6 13
33 -12 0 m5 -100 -12 29;-75 -9 24;-16 3 24;-60 -31 12;-133 2 6
33 -15 0 m6 -95 -52 47;-88 -49 20;-21 -6 13;-159 -44 7;-52 -16 7
33 -15 1 m6 -99 -50 91;-89 -38 9
33 -15 0 m1 29 -5 46;55 -1 25;-123 -74 14;18 -12 7;81 -1 7
36 -13 0 m7 -30 9 68;-52 8 14;-98 9 7;-9 11 7
37 -14 0 m7 -105 9 35;-79 10 31;-120 9 18;-56 12 6
37 -15 0 m6 -73 6 54;-125 11 22;-139 10 8;-99 8 8;-64 7 7
36 -16 0 m6 -102 12 30;-78 11 22;-60 11 19;-124 10 17;-39 6 13
36 -16 0 m5 -123 14 52;-104 11 27;-83 9 16
36 -17 0 m5 -105 11 40;-126 14 36;-83 5 11;-170 8 8
36 -17 0 m6 -61 8 40;-79 16 26;-98 15 17;-129 20 7
36 -17 0 m7 -57 5 30;-9 6 30;16 1 14;-77 8 5;-31 7 5
36 -18 0 m7 -82 9 31;-168 5 19;-63 5 12;-146 8 12;-98 11 12
36 -18 0 s -163 -1 40;-102 7 25;-143 3 17;-61 5 9
36 -18 0 m1 -15 0 24;-29 2 22;28 1 17;56 6 13;77 6 11
36 -18 0 m0 -31 4 41;-99 8 18;-73 3 18;11 0 12;28 -1 12
37 -17 0 m1 73 6 43;4 3 24;53 -0 14;41 -3 10
37 -17 0 m0 47 -4 42;40 -2 33;0 6 17;-33 7 8
38 -17 0 m0 52 -5 70;-51 9 20;-27 4 10
41 -20 0 m7 -13 9 53;36 8 16;-95 5 11;-24 29 5;-52 10 5
31 -9 0 m7 -54 3 59;-41 1 35;-69 0 5
31 -10 0 m7 -51 4 55;-42 3 44
32 -11 0 m7 -54 4 62;-38 11 22;-74 2 14
36 -14 0 m0 -11 11 35;-35 10 26;-55 9 23;-78 9 9;-93 8 7
36 -14 0 m6 -78 10 29;-107 9 26;-126 14 14;-62 9 14
36 -15 0 m6 -104 9 32;-80 11 24;-61 12 22;35 2 10;-118 6 8
36 -15 1 m6 -121 10 67;-86 5 17;-100 7 17
36 -16 1 m6 -101 8 75;-81 8 17;-126 20 8
36 -17 0 m4 -131 13 42;-142 6 33;60 -3 17;111 8 8
35 -17 0 m4 -128 7 36;-99 1 27;-137 14 9;-171 6 9;160 7 9
35 -17 0 m5 -126 14 51;-100 8 24;-88 3 11;-140 9 7
35 -17 -1 m5 -142 9 22;-95 7 20;-124 10 18;-85 3 18;-34 2 18
34 -18 -1 m4 -173 11 61;-140 4 13;-126 3 9;-80 5 9
34 -18 0 m5 -146 14 34;-124 18 21;-170 7 15;-58 3 15;-77 6 6
30 -9 0 m7 -41 1 53;-53 5 43
36 -16 0 m7 -32 8 43;-56 14 26;-119 13 13;-142 13 9
37 -16 0 m7 -57 9 45;-79 14 32;-33 11 11;-97 13 11
44 -36 -2 m3 146 6 62;168 4 24;-180 0 14
44 -35 -2 m3 147 3 71;125 0 16;167 2 13
43 -35 -2 m3 146 4 59;126 1 24;170 1 12;108 -17 5
42 -35 -2 m3 145 -1 37;120 2 37;105 -24 26
42 -34 -2 m3 145 3 53;125 2 31;107 -9 11
41 -34 -2 m3 145 -0 54;122 4 34;108 1 10
40 -33 -2 m3 147 1 67;160 5 23;103 7 8
39 -32 -1 m4 148 2 65;165 5 23;126 5 8
39 -32 -1 m3 147 3 55;164 2 38
38 -32 -1 m3 145 3 64;125 -3 23;165 2 9
38 -32 -1 m4 143 4 54;130 -0 39;171 10 5
37 -32 -1 m3 123 -4 50;107 -2 26;140 4 15;82 -18 6
37 -31 -1 m3 126 -7 32;147 3 28;97 -8 25;165 1 10
37 -31 -1 m4 103 -2 48;123 0 18;151 7 17;87 -15 8;167 3 5
36 -31 -1 m3 105 -1 52;84 -24 23;121 -2 17;143 6 8
36 -31 -2 m3 80 -2 50;105 2 42;149 8 8
35 -30 -1 m3 100 3 48;81 -3 33;124 4 10;62 -28 7
35 -29 -1 m3 101 1 41;78 6 35;127 8 24
34 -28 -1 m3 78 -12 85;118 4 8;107 0 8
34 -28 -1 m2 73 0 56;108 0 28;66 -1 17
34 -27 -1 m2 74 -18 69;63 -5 17;108 -1 14
34 -26 -1 m2 73 -22 66;62 -13 26;109 -1 9
34 -24 -1 m2 57 1 26;25 0 26;80 7 22;-162 2 17
34 -24 -1 m1 57 -1 44;31 -2 32;70 -1 16;1 0 8
34 -23 -1 m1 55 -0 69;0 1 14;70 0 10;34 -2 6
35 -22 -1 m1 77 2 37;99 3 35;59 -0 20
35 -21 -1 m2 100 5 35;81 5 29;122 2 19;144 6 6;16 2 6
35 -21 -1 m3 102 3 65;122 3 20;147 4 15
35 -20 -1 m3 75 -2 42;100 3 33;151 5 17;64 -0 8
34 -20 -1 m3 75 2 57;92 4 43
34 -19 -1 m3 81 5 35;60 0 30;175 12 15;98 5 15;44 0 5
34 -19 -1 m2 78 4 50;58 3 31;94 7 12;44 0 6
34 -19 -1 m1 56 3 34;75 6 24;35 1 22;1 1 20
34 -18 -1 m1 54 2 25;-13 2 25;32 0 20;72 5 15;-45 0 10
34 -17 -1 m3 101 7 32;143 10 16;80 -4 13;124 8 13;65 -7 11
34 -16 -1 m3 63 -2 36;77 3 32;104 9 16;-45 -1 12
34 -16 -1 m2 59 -0 86
34 -16 0 m2 56 -0 69;35 1 15;-74 10 8;-65 12 8
34 -16 0 m1 56 2 80;69 2 10
34 -15 0 m1 54 7 78;39 7 12;-149 10 5;71 11 5
35 -15 0 m1 56 10 47;72 9 26;-148 10 18;42 10 9
35 -14 0 m1 55 13 23;98 10 17;77 16 15;121 13 11;-11 12 10
35 -13 0 m2 52 9 24;34 12 20;174 18 15;128 16 11;80 11 7
35 -13 0 m3 147 9 20;80 8 17;163 13 15;-147 11 12;63 7 12
35 -13 0 s -56 10 33;-124 15 17;-176 18 12;-98 12 12;-76 15 7
33 -37 -1 m7 -11 2 64;-31 1 18;88 3 9
34 -35 -1 m1 55 3 33;116 5 33;78 -5 17;38 8 17
34 -34 -1 m1 79 -5 72;36 8 17;53 3 11
34 -10 0 m1 18 13 50;-38 -14 19;-17 6 19;-64 -47 12
34 -10 0 m0 -35 1 74;-20 6 12;3 4 9
34 -10 0 m7 -85 -6 40;-55 2 30;-37 0 25;-21 5 5
35 -10 0 m7 -36 4 33;-59 -7 33;-92 -33 22;-68 -1 6;-21 5 6
35 -10 0 m0 -36 1 62;-21 5 13;4 -0 11;-54 -17 7;-76 3 7
35 -10 0 m1 38 2 37;-51 -12 26;-41 -9 21;1 10 16
35 -10 0 s -38 -0 69;-51 -0 27
36 -10 0 m0 -33 7 41;-59 -15 25;-71 -20 12;3 4 12;-20 5 9
36 -10 0 m1 9 3 35;-57 -21 30;-35 3 24;-77 -19 5;-5 10 5
37 -10 0 m0 -34 7 44;7 7 26;-74 -23 15;-53 4 15
37 -10 0 m7 -36 8 46;-76 -15 45;-57 0 9
37 -10 0 m6 -82 -19 84;-48 -14 16
37 -11 0 m6 -78 -9 53;-41 -2 20;-93 -28 17;-51 -7 10
37 -12 0 m6 -105 8 46;-54 5 31;-157 10 8;-117 6 8;-69 3 8
37 -12 0 m5 -104 7 25;-126 -3 25;-53 6 17;-36 0 17;-145 0 17
36 -13 0 m6 -36 13 50;-3 10 40;-61 16 10
37 -13 0 m7 -28 10 43;-82 10 29;-97 10 21;-19 18 7
37 -13 0 s -12 18 60;-56 7 35;-30 16 5
37 -13 0 m0 -17 15 40;-57 7 30;-79 6 20;-41 7 10
38 -13 0 m0 -14 15 35;-71 8 15;-31 9 15;-59 10 15;14 9 10
42 -13 0 m0 -33 9 61;-21 0 26;-49 16 13
43 -13 0 m0 -16 0 57;-38 13 22;-54 14 13
44 -13 0 m0 -20 7 56;-32 10 31;-91 8 6;6 6 6
44 -16 0 m5 -112 12 29;-163 9 24;-142 -18 24;-132 -3 14;175 6 10
44 -17 0 m6 -109 12 38;-119 9 38;-78 7 24
44 -17 0 m7 -61 7 49;-104 11 21;-76 10 17;-121 9 9
44 -18 0 m6 -120 10 67;-102 13 17;-83 10 13
44 -18 0 m5 -122 11 80;-107 12 15;-176 6 5
44 -19 0 m5 -61 3 53;-127 9 47
43 -19 0 m5 -124 10 90;-109 10 6
43 -20 0 m5 -125 12 56;-142 8 44
27 -5 0 m7 -38 2 57;-52 3 30;-69 3 7;-16 6 7
32 -7 0 m0 -17 5 48;-29 1 39;-57 -20 12
32 -7 0 m7 -29 4 83;-19 7 13
33 -7 0 m0 -17 6 55;-29 1 28;-58 -17 7;-78 -3 7
33 -7 0 m7 -28 4 73;-61 -31 12;-79 -31 7;-18 7 7
34 -7 0 m0 -18 5 51;-27 2 47
34 -7 0 m7 -34 0 31;-78 -11 31;-56 -8 23;34 10 15
34 -8 0 m7 -33 5 65;-57 -14 15;-75 -34 14;-10 8 5
34 -8 0 m6 -80 -17 70;-97 5 20;-60 10 10
34 -9 0 m6 -83 -52 83;-99 -21 17
34 -10 0 m6 -96 -6 64;-78 -43 29;-40 7 7
35 -11 0 m6 -99 7 50;-86 10 31;-67 10 11;-121 -10 8
35 -11 0 m7 -78 8 47;-32 6 24;-92 -31 18;-67 14 6;-122 -33 6
35 -12 0 m6 -80 10 62;-97 10 17;-62 8 12;-120 6 9
35 -12 0 s -104 1 70;26 -2 15;-119 15 10;17 -1 5
35 -12 0 m7 -56 6 33;-118 16 25;-76 10 25;-103 18 8;-44 3 8
36 -12 0 m7 -123 16 50;-32 15 30;15 11 10;-54 10 10
36 -12 0 s -130 19 36;-142 19 19;-28 21 17;108 13 12;-95 23 10
36 -12 0 m4 171 10 31;-124 4 25;-165 5 12;-147 4 12;-73 28 6
35 -13 0 m5 -120 7 47;-59 20 12;-75 23 9;176 19 9;-138 15 9
34 -13 0 m3 -121 -11 42;-28 18 17;-21 28 8
34 -13 0 m4 -167 9 27;-119 -5 20;-149 10 13;40 -4 13;-17 20 7
34 -13 0 m2 5 5 26;31 10 15;-127 -31 13;-30 4 13;58 17 8
34 -12 0 m2 104 5 33;6 18 20;-3 16 20;31 21 13;85 18 7
34 -11 0 m2 107 11 28;-11 12 17;59 10 17;77 10 17;120 13 17
34 -11 0 m1 -27 9 33;0 5 25;57 7 17;34 6 8;103 19 8
34 -11 0 m0 -54 8 54;-26 6 38;-19 6 8
35 -11 0 m0 -19 6 39;2 9 22;-71 13 17;-31 3 11;-52 11 6
35 -11 0 m1 -13 4 32;33 7 29;-31 2 16;8 2 10;-120 -23 6
36 -10 0 m2 -80 -10 60;-58 -7 32;-39 5 8
36 -9 0 m2 -56 -8 36;56 8 27;-38 4 18;-19 3 9;33 7 9
36 -9 0 m0 -34 1 60;-55 -9 30;-70 -15 5;-3 -12 5
37 -9 0 m0 -76 -8 47;-58 -2 21;-13 1 21;-37 11 11
37 -9 0 m7 -77 -10 91;-54 5 9
38 -10 0 m7 -80 -10 60;-62 5 28;-97 3 7
39 -10 0 m7 -79 11 57;-64 4 22;-94 -2 22
39 -11 0 m7 -63 4 32;-80 5 32;-99 3 28;-32 11 8
39 -11 0 m1 37 13 55;-59 2 18;21 3 18;-4 4 9
39 -10 0 m1 7 5 42;-54 1 33;29 12 25
39 -10 0 m0 -60 10 35;-24 16 29;2 7 12;35 4 6;-91 -26 6
43 -11 0 m7 -35 50 45;-103 7 27;-58 9 18;-70 11 9
44 -12 0 m7 -52 8 45;-39 30 27;-69 9 27
46 -13 0 m7 -100 9 45;-82 12 24;-52 5 14;-35 7 10;-14 5 7
46 -14 0 m7 -75 8 40;-100 6 30;46 8 30
47 -14 0 m7 -101 5 36;-80 1 23;-30 10 14;-8 7 14;4 5 14
47 -14 0 m6 -104 5 41;-146 -1 27;-116 5 23;-47 5 9
47 -15 0 m6 -75 3 38;-63 2 31;-117 5 25;-104 6 6
47 -15 0 m5 -79 3 33;-151 6 27;-102 2 21;-129 6 12;-62 3 6
46 -15 0 m5 -144 -3 52;-122 3 23;-103 5 13;-167 8 8
46 -16 0 m5 -100 5 41;-129 6 24;-146 -1 18;-168 6 10
45 -16 0 m5 -123 6 38;-149 6 32;-166 13 17;-97 1 8
45 -17 0 m5 -53 7 33;-126 6 17;165 4 17;-143 9 17;-87 5 17
44 -17 0 m5 -120 7 81;-109 14 10
44 -19 0 m6 -79 11 58;-56 7 21;-118 6 8;-102 10 8
42 -21 0 s 49 1 24;146 4 22;-172 16 20;125 4 9;-12 -2 8
42 -21 0 m1 51 5 36;164 10 27;-152 8 9;16 0 9;-14 -3 9
42 -20 0 s -144 8 59;-124 1 31
43 -20 0 m1 52 7 55;43 11 36;85 3 9
43 -19 0 m1 55 4 59;72 1 35;99 -2 6
44 -18 0 m2 81 13 71;54 2 21;150 10 7
44 -17 0 m2 64 4 86;76 17 7;27 11 7
44 -17 0 m0 -34 5 50;52 11 25;-59 7 17;-21 5 8
45 -17 0 m0 -58 5 30;163 4 17;-70 4 17;-97 8 17;-34 6 13
45 -17 0 m7 -82 6 38;-97 5 26;-60 7 20;-125 4 8
46 -18 0 m7 -100 4 38;-59 5 21;-143 8 13;-77 6 13;-125 8 10
46 -18 0 m6 -102 7 63;-126 9 12;-148 5 12;-84 1 9
46 -18 0 m1 -125 9 33;101 8 33;87 7 13;14 10 7;-11 10 7
46 -18 0 s -100 1 71;-148 1 15;-161 1 7
46 -18 0 m3 165 6 32;-146 2 24;148 -10 24;-164 0 12
46 -18 0 m2 103 7 32;130 6 26;165 4 21;-145 0 11;-158 0 5
46 -17 0 m3 146 -4 41;167 6 18;94 9 14;-178 2 9;116 6 9
45 -17 0 m4 168 6 44;-153 7 38;-170 7 12;-133 10 6
45 -17 0 m2 167 5 41;100 -4 29;153 -3 18;69 5 6;61 5 6
45 -17 0 s -164 3 53;-132 6 24;-155 4 19
45 -17 0 m3 178 8 31;150 -7 25;118 0 25;-178 2 6;87 2 6
46 -35 -2 m3 149 5 60;172 7 20;124 5 13;-177 -7 7
41 -36 -2 m4 174 3 55;-175 7 42
40 -36 -2 m4 173 4 48;-177 6 47
39 -36 -2 m4 172 5 49;-176 4 44;120 -2 5
38 -35 -2 m3 114 -14 80;178 2 20
38 -35 -2 m1 58 0 43;35 3 29;113 -13 14;137 1 14
39 -35 -2 m1 44 0 64;81 0 14;61 -0 14;113 -13 7
39 -34 -2 m1 52 0 83;68 1 11;44 0 6
40 -33 -2 m1 55 3 64;71 1 24;40 10 12
40 -33 -2 m2 79 2 73;138 -16 14;100 4 9
41 -35 -2 m3 118 1 100
41 -34 -2 m2 77 2 83;107 0 8;67 2 8
41 -33 -2 m2 82 -9 64;96 -7 23;121 4 9
40 -32 -1 m2 150 4 38;167 3 21;83 -39 12;131 3 12;94 3 8
40 -32 -1 s 161 2 31;145 2 21;76 -57 10;0 38 8;-11 25 7
40 -31 -1 m2 77 -18 50;60 12 35;-133 -6 8
41 -31 -1 m2 82 2 46;95 2 41;61 6 9
41 -30 -1 m2 97 1 58;82 3 29;57 7 7
40 -30 -1 m3 51 6 60;71 -11 20;37 9 10;-127 -6 10
40 -30 -1 m2 54 20 52;39 3 48
40 -30 -1 s 30 13 43;49 25 40
40 -31 -1 m6 -93 14 30;-76 8 22;-139 9 19;-165 18 11;-125 2 11
40 -32 -1 m6 -100 16 30;-34 1 30;-90 21 10;-123 4 10;169 0 10
40 -32 -1 m7 -78 10 32;-11 5 21;-34 2 14;-172 12 11;-129 9 7
41 -32 -1 m6 -151 4 33;170 4 19;-174 5 14;-132 8 14;-93 24 10
40 -32 -1 m4 166 5 33;-172 14 33;152 2 30
40 -33 -2 m5 -168 9 48;-152 4 28;170 7 14;154 -4 10
40 -32 -2 m3 151 3 67;163 5 25;132 0 8
40 -32 -1 m3 151 3 53;167 7 30;-176 1 6
39 -32 -1 s 162 0 50;155 4 42;99 -2 8
43 -34 -2 m5 165 3 58;101 16 25;157 0 8;-144 8 8
38 -34 -2 m3 114 -8 53;147 10 35;98 1 12
38 -31 -1 m3 144 5 59;-171 8 17;123 0 12;164 4 11
37 -31 -1 s 100 -3 45;125 -2 25;-160 5 10;145 2 8;87 -4 7
37 -31 -1 m7 148 -0 26;128 -8 26;-18 10 22;-26 -2 9;103 -0 9
37 -31 -1 m6 124 3 43;106 -5 24;143 2 22
37 -31 -1 m5 124 -1 66;142 7 16;110 -3 16
37 -32 -1 m6 106 -5 41;142 10 27;131 13 18
40 -33 -2 m0 40 9 30;79 -3 30;12 11 20;62 6 20
40 -32 -2 m1 55 4 60;72 4 10;132 0 10;100 3 10;157 1 10
41 -32 -2 m1 79 2 62;55 0 19;101 -12 15
41 -32 -1 m2 85 -19 68;93 -4 27
41 -32 -2 m2 82 1 51;96 1 46
41 -30 -1 s 30 17 45;92 -1 18;85 0 12
41 -30 -1 m7 -63 14 40;25 20 20;-18 8 20;-39 18 10;125 -3 10
41 -30 -1 m6 -124 7 37;-80 13 25;-100 11 15;-138 -2 11;108 -2 6
41 -31 -1 m6 -125 8 31;-149 3 29;-81 16 17;-94 19 12;-162 -1 8
41 -32 -2 m6 -128 10 24;-148 9 24;85 0 16;-172 8 12;-99 20 12
41 -32 -2 m5 169 5 33;150 4 24;-171 -3 19;-147 6 14;-131 16 10
40 -33 -2 m4 148 2 46;166 8 29;-167 3 21
39 -33 -2 m4 144 -1 32;129 6 32;104 2 16;165 6 16;-161 7 5
39 -33 -2 m5 144 2 33;106 1 17;-154 2 17;174 3 17;126 0 8
37 -33 -2 m3 124 -2 40;85 -11 33;101 0 13;145 11 13
36 -32 -1 m3 85 -30 100
40 -34 -2 m2 75 2 61;107 5 30;137 -24 9
41 -33 -2 m1 78 -2 75;92 -45 20;67 6 5
41 -31 -1 m7 -147 -1 33;-65 21 17;-132 -3 17;-70 21 8;55 -7 8
40 -32 -2 m5 169 5 44;152 1 31;96 0 12;133 5 6;-165 15 6
40 -32 -2 m4 152 1 50;164 7 29;-170 3 14;132 0 7
38 -31 -1 m2 134 1 42;163 14 33;141 5 17;-174 23 8
37 -33 -2 m0 107 -8 27;63 0 27;13 6 20;72 0 13;131 0 7
38 -33 -1 s 106 -6 58;84 12 31;124 -4 12
38 -32 -1 m0 6 5 42;146 0 42;106 -6 8;134 0 8
37 -33 -2 m4 102 -5 68;126 2 18;85 -21 14
36 -33 -2 m4 95 -1 60;117 0 30;84 -27 10
35 -32 -1 m3 136 11 55;91 -25 27;81 -14 18
35 -31 -1 m4 130 4 60;91 -21 30;179 4 10
31 -30 -1 m3 142 10 58;77 4 25;61 -2 8;122 5 8
30 -30 -1 m4 75 -4 29;34 -11 29;149 8 25;53 -4 12
29 -30 -1 m4 143 7 27;104 7 27;29 -14 18;116 5 18;80 10 9
31 -23 -1 m7 -32 -0 50;-16 7 43;0 0 7
31 -24 -1 m7 6 -0 34;-15 3 31;-30 9 14;74 -3 7;-57 3 7
32 -24 -1 m7 37 3 37;17 4 20;-34 7 14;50 5 9;-141 11 9
31 -24 -1 s 5 -1 60;-9 14 20;26 0 13;57 -3 7
32 -24 -1 m0 35 3 44;15 5 29;-8 9 17;58 2 8
32 -24 -1 m1 54 3 33;30 4 33;16 3 19;-31 21 15
32 -24 -1 s 32 -1 56;51 -1 17;-129 10 9;17 0 8
29 -5 0 m6 -72 3 70;-60 2 27
29 -6 0 m6 -76 5 52;-59 3 48
32 -8 0 m0 -59 -5 30;-8 5 25;-37 6 21;3 10 14;-69 -18 11
33 -9 0 m7 -78 -23 57;-33 6 24;-56 1 14;-22 6 6
33 -9 0 m6 -76 -31 100
33 -10 1 m6 -75 -35 97
33 -10 0 m0 -30 1 50;-13 2 29;4 4 14;-52 -17 7
36 -10 0 m7 -36 3 59;-57 1 27;-77 -12 12
36 -10 0 m6 -96 -12 43;-76 1 21;-55 -7 21;-41 -9 14
36 -11 0 m5 -126 7 28;-141 6 26;-96 6 17;-78 2 15;-39 3 6
36 -12 0 m5 -126 8 48;-107 21 17;-147 5 17;-34 8 10;-49 6 7
35 -12 0 m5 -122 -2 46;-100 8 26;-140 3 14;-79 10 12
35 -13 0 m4 -121 10 44;48 1 15;-170 14 11;173 17 11;-148 8 11
34 -14 1 s 56 31 62;38 43 20;-56 18 11
35 -12 0 m2 31 3 48;16 4 16;-78 -17 16;47 8 8;-63 4 8
35 -12 0 m1 11 7 45;34 6 16;-10 4 15;-81 -66 6;54 6 6
36 -11 0 m1 18 4 29;-34 -3 21;-56 -2 21;-11 6 21;-78 -36 8
27 -4 0 s -69 1 98
27 -5 0 m6 -70 1 77;-61 0 20
32 -9 0 m0 -54 -4 33;-26 -8 30;-10 3 20;-71 -27 10;0 9 7
34 -11 0 m7 -58 4 67;-73 2 19;-35 5 14
36 -12 0 m0 -29 13 88;-20 9 6;2 11 6
36 -12 0 m1 8 9 40;-28 23 27;-14 8 27;101 15 7
37 -12 0 m7 -55 8 43;-32 9 37;-11 6 20
37 -12 0 s -33 7 70;-20 23 30
37 -11 0 m2 -59 -3 41;-95 -35 35;-40 13 24
36 -9 0 m4 -60 -2 38;-130 6 31;-104 -17 15;-153 7 8;178 7 8
35 -8 0 m1 -8 4 62;-63 -4 19;-30 3 12;4 7 6
36 -8 0 m0 -11 9 36;-30 5 28;-59 1 22;-69 -4 6
37 -8 0 m0 -14 12 39;-35 5 36;-73 -14 13;-63 2 10
37 -8 0 m7 -76 -14 47;-28 6 24;-51 2 18;-13 10 12
37 -8 0 s -25 0 62;-51 0 32;-71 -10 5
37 -8 0 m2 -75 -19 29;51 7 29;79 7 18;-53 2 12;0 8 6
37 -8 0 m1 -6 11 38;-74 -9 19;0 8 12;34 7 12;52 9 12
38 -8 0 m0 -38 5 42;-18 14 28;-53 6 20;-75 6 10
38 -8 0 m7 -83 2 50;-14 2 25;-54 8 14;-39 8 6;-91 4 6
38 -9 0 m7 -80 2 66;-10 11 22;-56 8 9
38 -9 0 m6 -79 -7 70;-97 -1 30
39 -9 0 m7 -98 1 36;-15 18 29;-34 10 21;-79 6 7;-51 2 7
27 -5 0 s -69 1 93
27 -6 0 m6 -70 3 56;-58 -0 38;-41 -2 6
28 -7 0 m7 -40 1 62;-51 16 21;-77 5 18
29 -8 0 m7 -40 5 57;-52 9 26;-69 2 13
36 -11 0 m7 -53 3 67;-40 5 20;-70 -24 13
36 -11 0 m0 -17 6 45;-52 -5 23;-36 7 19;11 7 13
36 -11 0 s -35 -0 71;-51 -13 19;-76 -36 10
36 -11 0 m4 -125 3 42;-154 9 19;-166 7 14;-104 7 11;-58 2 6
35 -12 0 m0 -36 10 45;-11 7 45;0 8 9
31 -20 0 m7 -34 3 59;-21 3 19;-53 5 9;33 9 9
31 -20 1 m7 -35 10 34;-100 12 17;-57 9 16;-81 11 15;27 19 8
31 -20 1 m0 -37 7 25;-76 8 22;30 19 22;-52 10 11;14 17 8
32 -20 1 m7 -80 18 23;128 10 23;-101 10 21;144 33 19;-57 12 8
32 -20 1 m6 -104 14 42;-123 17 29;-83 16 13;-138 14 10
32 -21 1 m6 -57 13 40;-40 11 21;-104 11 19;-80 16 10;101 13 6
32 -21 1 m7 -40 10 46;-54 11 26;-12 9 10;14 13 8;103 -4 5
32 -22 1 m7 -37 10 35;-52 13 34;-10 7 22
33 -23 1 m7 11 7 27;-33 11 21;29 5 19;-53 14 15;-18 11 11
33 -23 1 m0 9 7 54;29 7 20;-9 13 17
33 -22 1 m0 6 8 67;-4 8 27;33 6 7
33 -22 1 m1 7 7 55;-2 9 18;60 11 9;85 11 9;117 4 9
33 -22 1 m7 -11 9 54;11 6 38;102 0 8
34 -22 1 m0 13 4 50;-6 9 25;24 -2 25
34 -22 1 m1 29 7 29;-11 8 21;7 8 19;-33 12 19;-57 10 6
35 -22 1 m1 101 13 36;61 12 28;18 -10 8;38 5 8;129 13 8
35 -22 1 m0 35 6 50;54 5 38
35 -22 1 m7 61 2 50;37 8 44;-37 14 6
35 -22 1 s 58 4 35;35 5 32;138 13 17;10 4 10
29 -4 0 s -69 2 72;132 0 13
29 -4 0 m6 -71 3 70;-59 7 30
29 -4 0 m7 -40 7 48;-53 11 32;-71 10 20
30 -5 0 m7 -38 8 77;-51 3 16
31 -6 0 m7 -31 5 89;-54 8 6;-20 7 5
34 -9 0 m7 -32 7 68;-78 -33 21;-57 3 5;-21 5 5
35 -10 0 m6 -101 1 50;-78 -9 26;-115 2 18
35 -11 0 m5 -119 -7 33;-81 8 31;-108 3 23;-34 3 8
34 -12 0 m5 -122 -12 83;-109 -13 8
35 -14 0 m6 -121 13 57;-107 13 28;-145 20 8
35 -14 1 m5 -124 5 50;74 37 17;-89 7 8;18 13 8;66 22 8
42 -34 -2 m4 168 1 36;150 -3 36;103 -18 10;-176 4 9;130 2 7
41 -34 -2 m4 170 2 60;144 -10 29;-174 -0 7
38 -33 -2 m6 100 -6 60;129 4 30;-8 2 10
38 -34 -2 m5 139 2 43;-153 2 29;132 1 21;106 -12 7
38 -34 -2 m1 50 3 35;141 3 24;110 -11 12;77 7 12;34 3 12
40 -32 -2 m0 34 7 31;154 2 23;122 2 15;101 3 8;58 8 8
41 -30 -1 m1 99 1 43;80 4 33;55 5 15;38 3 7
41 -30 -1 m5 -100 8 23;-121 7 21;-144 2 21;-164 7 15;-22 2 8
39 -31 -1 m3 163 1 75;153 0 25
39 -31 -1 m4 154 2 55;165 1 23;-145 3 14;-175 -4 9
39 -31 -1 m6 149 2 50;164 1 33;-175 -3 17
39 -31 -1 m5 148 3 60;161 -0 40
38 -32 -1 m5 127 1 62;142 5 15;167 -4 15;-170 4 8
34 -33 -1 m4 144 4 69;173 1 31
33 -33 -1 m4 147 4 58;130 4 17;-178 3 17;173 1 8
32 -32 -1 m3 120 5 58;103 3 33;86 4 8
31 -32 -1 m3 100 8 33;79 2 33;117 5 33
31 -31 -1 m3 122 6 50;80 5 22;98 7 17;143 7 11
30 -30 -1 m2 54 -4 47;39 -19 24;100 2 16;83 5 10
30 -30 -1 m3 125 4 38;58 -1 31;81 2 15;104 4 8
30 -29 -1 m2 33 -11 33;57 1 30;79 5 20;20 -1 9;101 3 9
30 -29 -1 m1 54 4 57;34 -6 39
31 -29 -2 m1 36 -21 50;54 -19 40;95 5 10
31 -29 -1 m0 9 4 41;-12 5 36;32 4 13;59 2 7
32 -29 -1 m0 11 1 57;33 0 26;63 1 9
32 -29 -1 m7 32 1 62;15 1 19;-27 -26 15
32 -29 -1 m5 11 1 31;-13 2 26;-27 0 23;31 -2 17
31 -29 -1 s 34 -2 61;123 -2 10;53 8 8;15 2 7
31 -29 -1 m3 122 3 40;146 8 23;105 5 11;34 -4 9
31 -28 -1 m3 145 7 45;127 2 26;107 -8 9;75 3 6
30 -28 -1 m3 141 4 51;128 2 35;109 8 10
30 -28 -1 s 106 -2 82;122 2 9
30 -28 -1 m5 54 -2 50;102 0 13;79 2 10;145 6 8;164 10 6
30 -28 -1 m4 143 4 40;84 1 17;167 6 10;126 4 10;100 7 10
29 -28 -1 m3 104 6 63;122 8 13;80 3 11;140 7 9
29 -27 -1 m3 104 -8 53;28 -1 14;119 -4 11;80 2 8;54 8 5
28 -27 -1 m3 98 3 57;78 2 17;118 8 14
28 -27 -1 m2 101 4 47;27 -1 18;130 6 12;22 -1 6;50 -1 6
28 -26 -1 m2 75 5 42;57 1 22;93 1 20;35 -8 15
28 -25 -1 m1 16 -27 38;58 -3 22;34 -10 19;78 1 8;-21 3 8
28 -25 -1 m2 79 3 43;97 2 25;54 2 15;32 -7 8
28 -24 -1 m2 101 3 56;80 3 26;35 3 9;54 3 7
29 -24 -1 m2 58 -3 33;31 -7 18;9 -7 15;-9 3 9;102 2 9
29 -24 -1 m1 27 -50 33;10 -5 26;-7 3 13;59 -3 10;-37 3 8
29 -24 -1 s 9 -1 58;60 12 13;27 -10 10;-10 6 10;76 17 6
40 -34 -2 m3 140 -3 78;119 5 22
38 -33 -2 m4 130 3 77;140 -3 23
36 -14 2 m0 -32 12 44;-11 8 39;12 18 11;-62 18 6
33 -14 0 m5 -127 -39 62;-140 -44 30;-81 -5 5
33 -14 0 s -20 -10 37;-150 -39 29;-76 -37 17
33 -14 0 m2 35 4 30;53 3 28;79 6 19;-129 -38 11;96 6 6
33 -14 0 m0 -12 4 25;56 5 25;-133 -38 19;0 -3 19;26 3 12
34 -14 0 m5 -143 -23 61;-124 -28 17;-109 11 11;-58 6 11
32 -15 0 m5 -120 -24 54;-79 -27 23;-94 -41 8;-64 -27 8;-20 -20 8
32 -15 0 s -71 -50 51;32 -0 28;-57 -43 12
32 -15 0 m1 36 4 68;58 3 21;10 -12 11
32 -14 0 m1 57 10 56;35 0 25;-58 -11 19
33 -13 0 m1 32 4 42;15 7 21;53 6 19;-10 6 9
35 -14 0 m5 -121 16 65;-108 15 25;-147 16 6
35 -15 0 m5 -121 18 64;-106 20 21;-152 38 9
34 -15 0 m5 -123 17 51;-105 17 39;-87 14 6
34 -16 0 m5 -122 17 33;-80 12 28;-102 16 22;-58 18 10;-35 15 5
34 -16 -1 m5 -76 6 27;-99 16 23;-56 8 23;-35 7 15;-119 19 10
34 -16 -1 m6 -76 12 39;-58 8 28;-35 5 24
34 -17 -1 m7 -81 7 40;-100 4 21;-33 6 16;-57 7 14
34 -17 -1 m0 -80 3 29;-33 5 29;-53 5 24;-13 5 16
34 -17 -1 m6 -98 9 45;-83 11 20;-122 9 18;-25 7 7;-60 5 6
34 -18 -1 m5 -145 10 33;-102 7 26;-123 8 16;-78 5 14;-166 6 11
33 -19 0 m5 -170 12 34;-150 11 26;174 14 16;-131 51 13;-83 8 5
33 -19 -1 m5 -172 8 39;172 7 32;-147 18 15;153 4 7
33 -19 -1 m4 168 11 75;-174 11 18
32 -19 -1 m3 167 8 57;147 9 12;-175 2 7
32 -19 -1 m4 165 10 64;149 7 15;-176 13 11
31 -19 -1 m4 167 11 67;-177 10 23;-43 5 7
31 -19 -1 m3 167 9 62;-173 4 22
31 -18 -1 m3 -170 8 33;168 8 26;-27 -0 12;142 5 10;-153 9 7
28 -4 0 m0 -13 21 45;-36 1 27;-69 14 18;-47 13 9
34 -8 0 m0 -11 7 48;-28 5 31;6 11 14;-62 -22 6
35 -8 0 m7 -29 7 76;-56 4 21
35 -8 0 m0 -13 8 39;-31 5 36;8 10 22
38 -10 0 m6 -83 -18 80;-123 5 16
37 -10 0 m5 -140 4 33;-123 -1 27;-85 -40 27;-91 -31 13
36 -10 0 m5 -100 -3 47;-74 -4 22;-118 2 14;-49 1 14
34 -12 0 m6 -123 -7 31;-106 1 24;-62 3 22;-75 7 19
33 -13 0 m5 -123 -13 45;-103 -14 25;-86 -13 25
33 -14 1 m5 -130 -44 100
45 -34 -2 m3 153 2 56;161 2 44
44 -34 -2 m3 152 1 38;166 4 34;121 -4 23
43 -34 -2 m3 147 2 72;122 -1 12;164 5 10;104 5 6
42 -33 -2 m3 102 -2 45;148 2 25;126 5 21
42 -33 -2 m4 165 3 31;150 4 29;104 4 20;126 3 20
42 -33 -2 m2 98 -0 72;85 1 28
42 -32 -2 m2 96 -1 60;85 1 32
42 -31 -2 m2 95 1 61;83 0 33;117 -1 6
42 -31 -1 m2 96 -6 59;83 -2 28;117 10 10
42 -30 -1 m2 100 2 72;85 -0 12;116 7 10
42 -29 -1 m2 104 4 50;122 5 40;143 2 6
41 -28 -1 m2 123 5 47;105 3 31;141 11 12
41 -28 -1 m3 126 8 41;145 8 27;103 3 22;162 10 6
41 -27 -1 m2 80 7 62;98 3 27;56 11 5
41 -27 -1 m1 79 6 67;96 1 15;62 11 12
41 -26 -1 m1 80 7 68;94 6 22
41 -26 -1 m2 80 7 63;97 4 32
41 -25 -1 m2 99 7 47;79 9 38;120 1 8
41 -25 -1 s 119 -2 36;-154 13 27;-124 14 18;104 15 9;88 10 9
41 -24 0 m2 79 8 38;55 9 19;94 3 16;33 13 14;129 16 8
42 -24 -1 m2 171 2 27;-169 4 27;149 2 27;12 22 9;89 -2 9
42 -24 -1 m0 7 2 51;-7 -2 30;29 4 6
43 -24 -1 m0 7 0 68;-4 -4 26
43 -24 -1 m1 12 -2 73;-2 -18 9;-28 -5 9;29 -3 9
43 -23 -1 s -27 -21 46;-145 4 27;3 1 10;-132 3 7;-12 -12 5
43 -23 -1 m6 -149 5 58;-163 4 26;-6 -2 16
43 -24 -1 m7 -7 -5 80;-28 -3 10;-49 8 10
43 -24 0 m7 9 2 63;-4 -1 30;27 7 7
44 -24 0 m7 11 2 42;35 6 23;-9 2 21;54 4 11
44 -24 0 m0 35 5 41;52 7 21;12 5 21;73 8 7;-8 2 7
44 -24 0 m1 54 6 37;79 8 23;99 7 14;32 6 11;116 6 11
45 -24 0 m1 35 6 44;56 7 38;122 -1 19
45 -23 0 m2 98 10 25;-170 7 25;76 8 17;149 9 17;61 7 8
45 -22 0 m2 164 4 43;77 7 34;90 7 9;66 9 6
45 -21 0 m2 79 8 69;65 12 19;92 7 12
45 -20 0 m2 101 7 27;76 12 18;121 6 18;-164 4 14;152 8 14
46 -36 -2 s -172 6 94
45 -36 -2 m3 147 4 62;166 5 20;123 -2 9;-178 0 9
45 -35 -2 m3 150 5 68;168 7 15;131 9 14
43 -33 -1 m3 122 -6 68;143 20 16;75 56 11;107 5 5
43 -33 -1 m2 119 14 71;111 -32 21;142 46 7
42 -33 -1 s 108 -46 92;118 -13 8
42 -33 -1 m2 106 -34 100
42 -32 -1 m2 104 -38 88;120 -23 12
42 -32 -2 m3 122 10 44;144 1 19;169 4 19;104 8 19
42 -31 -2 m3 118 6 73;108 3 27
42 -28 -1 m2 145 5 48;126 7 34;168 4 11
41 -28 -1 m4 145 6 28;124 4 24;100 1 20;164 6 20;82 3 5
40 -28 -1 m4 98 6 32;146 8 29;125 3 17;83 5 12;163 6 10
39 -28 -1 m4 118 13 50;83 -0 30;143 9 10;111 19 10
39 -27 -1 m0 82 -0 59;61 -0 21;42 10 8;-3 8 8;99 0 5
40 -27 -1 m0 97 1 33;58 3 22;80 4 20;-12 8 8
40 -28 -1 m0 -13 10 50;54 3 14;-38 9 14;21 21 7;43 20 7
41 -25 0 m2 76 7 50;96 8 40;121 14 5;58 1 5
40 -23 -1 m2 99 2 73;57 -25 27
40 -21 0 m2 58 5 36;35 6 27;7 3 18;-31 1 18
42 -20 0 m0 33 9 64;48 7 27;15 11 9
43 -21 0 s -37 -4 31;138 -8 23;132 -7 19;-12 -0 9;102 4 5
46 -34 -2 s -179 1 68;170 1 15;-92 1 7
31 -36 -1 s 74 -2 85;27 3 10
33 -11 1 m6 -84 -21 68;-93 -20 18;-66 -34 9
33 -12 1 m6 -86 -23 49;-95 -22 42;-24 5 7
33 -12 0 m6 -81 -9 41;-96 -16 35;-59 -16 11;-32 4 8;-21 8 5
33 -12 0 m7 -35 3 29;-74 -5 25;-16 4 21;-97 -29 11;-57 -1 7
34 -15 1 m5 -101 20 52;-84 20 19;46 26 10;-30 6 8;-120 25 8
34 -15 2 m6 -33 8 41;-55 6 38;-13 7 19
37 -14 2 s -55 6 45;-37 12 21;13 23 21;36 19 9
36 -16 2 s 128 16 53;155 11 16;35 4 16;-35 13 10
36 -15 2 m3 35 11 27;9 14 20;-10 14 13;46 14 13;-102 17 13
38 -14 0 m6 -122 11 60;-110 11 15;130 16 10;-152 15 5;-67 21 5
37 -14 0 m6 -78 7 38;-122 12 31;-101 10 25;-61 9 6
37 -14 0 m5 -123 9 77;167 15 9
37 -14 0 m4 -119 10 67;173 11 28;139 16 6
36 -15 0 m5 -100 11 46;-121 12 24;-77 8 15;-59 7 7
37 -16 0 s -71 3 70;-64 2 12;-145 11 9
37 -16 0 m3 -83 7 30;126 6 30;-151 16 20;75 5 10;66 6 10
28 -4 0 s -69 1 80;11 0 9;-63 2 5
33 -13 0 m4 169 10 50;-122 -9 25;-171 13 6;-144 12 6;156 17 6
33 -13 0 s -118 -27 50;-112 -28 25;179 13 8;-89 -19 8;-16 0 6
31 -12 0 m3 127 6 44;74 12 19;99 10 12;140 14 12;59 10 12
32 -9 0 m2 80 16 39;-52 4 28;58 20 17;93 12 11;-32 1 6
32 -9 0 s -32 0 100
34 -7 0 s -52 2 81;34 10 14
35 -7 0 s -60 3 64;-75 -8 36
36 -8 0 m7 -59 -1 41;-78 -4 35;-35 6 18;-22 16 6
36 -8 1 m7 -35 7 46;-73 -2 41;-64 3 11
36 -9 1 m7 -36 8 38;-59 7 32;-76 -5 27
37 -9 1 m7 -75 -1 95
37 -9 1 m0 -75 5 82;-61 6 16
37 -9 1 s -76 3 99
36 -8 0 m4 -120 7 93;-93 6 7
35 -9 0 m5 -107 10 59;-124 7 29;-87 3 6;-21 2 6
36 -14 0 m1 -52 9 20;143 6 20;-11 11 16;-31 11 12;124 11 12
36 -13 0 s -12 10 50;-103 7 44;-60 11 6
36 -14 0 m5 -150 11 42;-76 9 16;-128 15 16;-93 10 11;8 -2 5
36 -14 0 s -102 4 58;-84 11 21;-145 12 6
36 -15 0 s -37 4 38;-62 6 26;-72 4 26;-100 6 8
36 -15 0 m1 37 5 35;-91 8 26;-82 5 12;104 9 9;-37 6 6
37 -15 0 m2 52 3 26;-77 3 16;35 5 14;-104 10 9;-116 10 9
37 -15 0 m3 -125 10 40;-139 10 23;144 7 20;45 3 10;125 3 7
37 -14 0 m2 -123 10 25;145 14 25;45 5 12;21 6 12;113 8 6
36 -14 0 m4 -146 11 44;148 12 38;-122 11 19
35 -14 0 m4 -126 12 72;-146 12 24
35 -14 0 s -110 16 55;-124 9 25;56 13 10;-42 14 5;169 18 5
34 -16 -1 m7 -76 3 38;-34 10 25;-59 5 17;-92 7 12
35 -17 -1 m7 -32 3 27;-100 5 23;-7 -1 18;-123 6 14;-79 8 9
35 -18 -1 m5 -106 4 36;-119 17 26;-141 12 22;-164 -3 16
31 -19 0 m3 12 12 37;146 27 21;101 11 11;27 13 11;54 14 5
31 -18 -1 m4 -169 10 19;-149 3 19;-28 1 19;49 -24 16;172 11 12
30 -18 -1 m4 -150 8 45;-168 11 27;-127 7 10;173 11 6
29 -18 -1 m4 -122 10 49;-144 11 16;-26 2 10;-108 10 10;-12 3 9
30 -7 0 m6 -55 1 69;-41 6 25;-70 2 6
42 -34 -2 s 143 -1 61;-170 -6 14;98 4 10;85 11 6;172 2 6
42 -30 -1 s 109 0 96
40 -27 -1 m4 97 -0 43;122 6 20;145 3 13;79 -1 12;164 4 10
39 -27 -1 m4 119 2 38;99 2 30;78 0 26
39 -27 -1 m3 121 3 42;138 4 26;99 3 18;79 1 12
39 -27 -1 s 120 -0 41;82 -1 24;65 -0 18;102 -3 13
41 -36 -2 s 120 5 52;-174 12 32;178 7 16
37 -35 -1 m3 177 5 50;-175 5 44;126 0 6
36 -35 -1 m3 175 6 26;-176 4 26;150 1 22;84 -1 17;94 0 9
30 -36 -1 m4 146 9 40;123 7 22;62 1 15;106 10 11;72 -1 9
29 -36 -1 m4 149 7 50;125 13 31;57 -0 12;101 5 8
29 -36 -1 m3 126 8 39;59 1 27;101 10 20;80 6 14
29 -35 -1 m2 58 0 89;84 5 11
29 -35 -1 s 58 -2 98
30 -36 -1 m3 103 7 35;59 -4 23;126 8 22;74 1 12;142 9 8
29 -35 -1 m3 59 0 46;126 8 27;81 3 16;149 7 8
29 -35 -1 m0 54 1 59;42 1 16;-14 1 14
29 -35 -1 m4 57 -2 59;146 4 26;74 1 7
28 -35 -1 m4 96 5 37;81 3 32;60 0 26;139 11 5
28 -35 -1 m3 80 8 33;101 10 33;61 2 20;118 14 13
28 -35 -1 m2 61 1 42;78 5 23;93 8 19;35 1 10;18 0 6
28 -35 -1 m1 60 1 53;82 9 35;12 0 12
28 -34 -1 m2 101 8 49;119 6 33;83 6 15
28 -34 -1 m1 56 -26 54;11 0 15;106 6 8;71 1 8;-20 4 8
28 -34 -1 m3 129 6 62;140 2 30
27 -31 -1 m2 102 6 100
27 -30 -1 s 129 12 90;140 16 10
28 -28 -1 m0 82 1 54;-10 11 31;92 -2 8
28 -28 -1 s 82 6 34;27 1 34;93 0 15;62 6 13
28 -28 -1 m2 35 -1 45;93 2 36;81 7 9;61 4 9
28 -28 -1 m3 98 2 44;141 10 24;118 8 20;78 5 12
28 -28 -1 m5 -132 6 67;36 4 17;74 4 8;64 4 8
29 -28 -1 m0 3 6 36;-7 7 36;-27 15 21;108 4 7
29 -29 -1 m0 -30 11 50;9 7 25;24 6 17;-15 5 8
30 -29 -1 m0 11 2 47;33 -1 31;-12 8 17;51 -2 6
30 -29 -1 m7 35 1 55;17 1 15;53 -1 15;-31 11 9;-15 10 6
30 -29 -1 m4 53 -2 35;168 3 27;147 7 19;127 3 8;43 -2 6
30 -29 -1 m3 57 -2 30;107 5 22;123 5 15;139 9 13;36 -5 11
30 -29 -1 s 55 -2 47;36 -2 41;21 -2 6
30 -29 -1 m5 41 1 32;55 -5 30;102 5 21;75 -1 13
29 -29 -1 m4 99 3 32;150 8 26;122 7 21;55 -2 5;177 22 5
30 -30 -1 m7 55 -2 80;39 -1 20
30 -30 -1 m0 34 6 57;54 -4 43
31 -30 -1 m0 35 0 73;62 0 18;80 5 9
31 -30 -1 m1 58 -14 62;37 -21 38
31 -29 -1 m2 101 1 21;33 -16 17;58 -7 17;79 3 17;-76 2 12
31 -29 -1 m4 169 2 23;127 4 21;142 6 15;42 -1 11;103 4 11
30 -28 -1 m2 140 3 25;131 4 19;108 14 16;32 -19 12;66 0 9
30 -29 -1 m6 55 1 56;34 -2 44
31 -29 -1 m1 35 -37 52;54 -22 36;-10 8 6
31 -28 -1 m1 36 -22 49;57 -0 35;-6 11 5;68 17 5
31 -28 -1 m0 -17 3 37;-25 0 27;39 -17 15;109 0 10;58 13 10
31 -28 -1 m5 166 3 27;39 -3 19;126 2 19;146 5 19;98 -1 8
31 -29 -1 m5 170 10 20;52 -0 20;40 2 18;5 3 11;107 2 9
31 -29 -1 m7 11 1 39;-12 4 36;27 2 12;56 2 10
30 -30 -1 s 51 -3 64;88 -6 18;33 -1 16
31 -30 -1 s 40 1 48;58 -1 41;70 3 11
29 -29 -1 s 62 -4 92;103 8 8
28 -35 -1 s 53 -10 60;40 6 28
28 -35 -1 m7 33 8 35;56 -1 24;-19 8 18;9 6 18;-59 22 6
28 -35 -1 m0 40 4 55;54 -0 36;-4 5 9
29 -35 -1 m7 58 -1 58;-12 5 21;38 -4 11;14 -3 5;-27 6 5
30 -36 -1 m7 -12 3 80;57 -5 10;-35 10 10
31 -37 -1 m1 59 4 45;77 7 36;40 6 18
31 -37 -1 m2 78 4 55;55 1 16;121 9 15;103 9 9
31 -36 -1 m0 -15 3 39;61 -2 28;13 6 14;-25 3 11;30 1 6
32 -36 -1 m7 54 5 41;-19 0 23;-32 3 14;-57 21 9;37 5 9
32 -37 -1 m7 -17 2 44;-31 4 36;56 3 8;-50 7 6
34 -38 -1 m1 76 6 54;65 1 21;102 9 12;26 -6 12
34 -38 -1 m6 85 1 67;91 4 33
34 -38 -1 s 77 1 63;91 5 20;-163 49 10
35 -37 -1 m0 81 -1 85;96 1 13
35 -37 -1 s 81 -1 74;92 0 25
35 -37 -1 m3 118 5 60;80 -1 30;141 7 10
35 -37 -1 m2 81 0 89;90 0 11
36 -29 -1 m1 78 -9 100
38 -26 -1 m1 122 5 38;12 3 25;39 3 12;68 4 12;67 2 6
39 -25 -1 m1 80 6 62;59 1 32;37 3 5
40 -24 -1 m2 95 -21 55;58 -14 26;140 2 10;166 17 6
40 -23 -1 m1 57 -23 29;84 -22 29;90 -27 24;10 5 18
41 -21 0 s -154 5 47;49 -1 38
41 -21 0 m4 -122 9 47;-162 10 18;-143 11 18;-105 8 12;26 0 6
40 -21 0 m4 -126 12 29;-95 11 18;82 5 12;-161 12 12;-138 15 12
43 -17 0 m0 -54 11 50;8 12 25;-14 10 17;-31 5 8
45 -16 0 m3 54 3 33;116 -2 29;146 4 19;74 5 10
46 -15 0 m1 65 1 42;69 5 17;42 4 17;119 3 17;97 3 8
47 -14 0 m4 -140 -4 39;-128 5 33;-166 4 14;165 8 8;77 3 6
46 -14 0 m5 -141 4 56;-124 8 32;-100 5 12
28 -5 0 m0 -13 5 46;-34 2 42;-53 8 8
29 -5 0 m0 -30 3 82;-52 6 9;6 0 9
30 -6 0 m0 -17 3 78;-28 6 22
33 -8 0 m7 -30 4 66;-18 7 18;-60 -30 12
35 -9 0 m7 -34 6 62;-60 5 27;-70 -33 11
36 -9 0 m7 -39 3 71;-49 9 18;-76 -11 11
38 -10 0 m0 -54 19 67;-34 12 29
40 -10 0 m0 2 13 33;-35 12 22;35 5 22;-60 13 17;-20 9 6
35 -17 -1 s -86 2 27;-98 0 24;-20 -1 21;-33 2 16;-144 -4 9
35 -17 0 s -102 1 75;47 -2 19
35 -17 0 m0 -40 -10 33;-101 1 27;7 0 27;36 -3 13
35 -17 -1 m0 -32 -2 73;-102 1 20;-90 7 7
35 -17 0 m7 -105 3 31;-147 7 25;-39 2 19;-123 2 12;-60 5 6
36 -17 0 s -60 4 28;-34 1 22;-129 1 15;-148 -1 9;51 -0 9
36 -17 0 m2 68 -0 35;-106 5 18;51 -3 18;11 6 6;-72 1 6
35 -17 -1 m4 -166 6 30;-105 3 30;-125 5 30;118 1 10
34 -17 -1 m4 126 8 46;63 -3 15;177 7 8;155 7 8;-86 5 8
34 -15 0 m2 52 9 75;164 10 8;-149 10 8;44 13 8
35 -11 0 m2 -31 0 50;37 7 30;-64 -1 10;2 3 10
37 -11 0 m0 -34 5 45;-52 3 28;-20 5 21;11 5 7
37 -11 0 m7 -38 11 34;-57 8 31;-79 -14 24;-13 7 7
38 -11 0 m0 -52 13 25;-97 4 23;-80 -3 18;-38 6 14;11 6 11
38 -11 0 m7 -81 -2 35;-37 11 33;-56 7 20;-94 4 12
38 -11 0 m5 -149 1 40;-85 -24 30;-47 2 20;-94 -17 10
41 -10 0 m1 38 9 94;49 1 6
41 -10 0 m0 14 9 38;32 10 34;-77 12 22;48 7 6
42 -9 0 m1 35 14 48;53 21 34;16 11 10;77 44 5
42 -9 0 m2 53 16 54;38 19 26;80 41 17
42 -8 0 m1 51 31 51;37 21 44
43 -8 0 m1 34 39 40;12 21 37;54 15 19
43 -7 0 m1 59 11 28;7 36 20;77 14 17;99 9 9;32 6 7
43 -7 0 m2 123 13 35;144 4 24;104 14 24;165 8 6;64 23 6
43 -6 0 m3 148 6 53;162 5 30
43 -6 1 m3 165 6 38;150 5 32;-43 6 9;-75 4 7;-168 0 7
42 -6 1 m4 -148 4 20;-123 8 20;-168 3 11;171 8 11;-80 9 10
42 -6 1 m6 -35 1 39;-57 5 32;-74 12 11;24 14 5;-21 2 5
42 -6 1 m7 -34 4 62;-50 15 20;-19 4 8
42 -7 2 m7 -32 7 76;-18 3 15
43 -7 2 m7 -36 6 58;-57 6 17;-19 13 13;-81 13 8
44 -8 2 m7 -106 10 39;-82 6 18;-39 12 14;-119 7 14;-55 13 7
44 -8 2 m6 -121 6 48;-107 6 23;-145 6 23;-171 5 6
44 -8 2 m5 -121 8 35;-143 10 31;166 10 12;-162 9 9;-111 7 6
44 -9 2 s -110 3 62;-118 3 37
44 -8 2 m2 124 18 42;41 18 16;110 15 16;51 10 11;139 4 5
44 -8 2 m1 106 19 32;54 12 20;15 17 20;32 17 8;122 16 8
44 -8 2 m0 7 13 45;79 11 18;120 -8 9;-14 10 9;-35 15 9
45 -8 2 m0 -34 14 64;-9 15 16;2 12 12;-51 5 8
45 -8 2 m7 -37 12 70;-52 10 25
46 -8 2 m7 -39 16 65;-54 6 27
46 -9 2 m7 -35 17 44;-55 12 34;-77 15 12
47 -9 2 m7 -31 18 43;-17 13 26;-102 12 21
47 -9 2 m0 -12 13 64;-32 11 36
48 -10 2 m0 -29 15 46;-57 30 27;-12 10 23
48 -10 2 s -124 8 53;-53 25 9;-105 15 7;-7 22 7
48 -9 2 m1 -82 14 50;-59 18 30;-38 15 20
48 -9 2 m3 -80 15 45;144 13 27;127 5 18;-154 13 9
49 -10 2 s -128 4 62;147 -26 38
49 -11 0 m6 -85 4 36;-121 -1 29;-137 0 21;-93 9 14
49 -11 0 m4 144 -7 67;-138 5 17;162 6 17
48 -11 0 m5 -107 3 41;-120 3 41;-137 2 17
48 -11 0 s -107 1 54;-125 1 29;-136 0 10;-87 1 7
48 -11 0 m6 -100 5 41;-80 4 38;-118 -1 18
48 -12 0 m7 -75 6 55;-64 3 18;-42 9 18;-116 3 9
49 -12 0 m7 -81 5 49;-98 3 40
49 -12 1 m7 -102 5 82;-72 16 9;-143 3 9
49 -13 0 m7 -102 5 90;-79 1 10
49 -13 0 s -105 0 93
49 -13 0 m6 -101 5 74;-141 4 16;-79 3 8
49 -13 0 m5 -146 4 44;-103 5 34;-164 3 16
47 -14 0 m5 -140 -9 40;-126 -10 34;-102 1 21
46 -16 0 m6 -100 3 57;-131 2 14;-146 -13 14;-47 2 7;-88 8 7
46 -17 0 m6 -82 2 40;-97 4 40;-160 1 13;-65 6 7
46 -18 0 m5 -147 4 38;-106 6 34;-83 0 14;-127 5 14
45 -19 0 m5 -168 -0 33;-100 8 22;177 -14 15;-152 6 15;-85 3 7
45 -19 0 m6 -95 8 39;-80 7 15;-32 12 9;-56 8 9;-13 17 9
45 -21 0 m5 -121 8 65;-106 11 26;-141 6 9
45 -22 0 m5 167 4 52;-142 12 22;-176 2 9;-104 16 9
44 -22 0 m4 172 7 61;-176 6 30
44 -22 0 m3 171 8 39;152 13 21;124 11 21;100 10 7;82 9 7
43 -22 0 m4 173 9 50;-175 5 45;153 8 5
43 -22 0 m5 166 4 82;-176 3 18
43 -22 0 s 167 4 64;-169 5 33
42 -22 0 m4 -166 -25 40;168 10 35;-152 8 25
42 -22 0 m0 -13 16 29;-165 -16 29;-70 10 12;158 8 12;-64 12 6
28 -5 0 s -69 0 73;-58 2 13;-18 0 7
29 -6 0 m0 -16 5 71;-29 6 29
38 -36 -2 m4 172 5 54;-174 2 32;-156 8 8
38 -36 -1 m4 172 4 55;-171 12 35;152 7 6
37 -36 -1 m4 170 5 44;102 3 25;149 5 15;-177 1 12
37 -36 -1 m3 105 1 38;123 3 24;177 2 17;-178 2 10;147 4 10
34 -36 -1 m7 -54 9 44;-75 11 25;-32 4 12;11 6 6;-119 13 6
34 -37 -1 m7 60 2 29;-54 11 21;72 1 17;-79 8 12;-103 9 8
26 -28 -1 m2 59 8 62;37 3 38
27 -28 -1 s 1 -23 51;-3 -9 25;27 -0 12;61 3 11
27 -27 -1 m1 55 4 47;76 5 38;39 -2 13
28 -26 -1 m1 36 -1 38;53 3 30;75 3 14;19 5 9;92 3 5
28 -26 -1 m3 99 -1 32;79 1 30;121 -3 19;62 -1 11;144 -4 8
27 -26 -1 m4 100 -1 46;78 1 15;115 0 15;163 11 15;148 10 8
27 -26 -1 m3 80 1 68;98 5 20;120 1 10
27 -25 -1 m2 79 -4 44;59 -13 32;98 2 10;13 1 8
27 -25 -1 m1 56 -15 36;30 -2 29;16 -10 26;82 2 9
27 -24 -1 m1 56 -34 62;38 -15 26;16 2 13
28 -24 -1 m1 31 -16 31;56 -11 31;20 -30 15;77 -4 14;-17 2 8
29 -24 -1 m0 -12 4 54;11 -12 29;35 1 9
30 -24 -1 m7 -10 1 47;3 0 29;-65 -13 13;-25 3 11
31 -24 -1 m0 -10 8 63;13 3 25;33 2 12
32 -24 -1 m2 51 3 67;35 2 22;-12 10 6;85 12 6
32 -24 0 s 32 4 61;54 5 22;74 12 17
32 -24 0 m1 32 4 57;54 3 29;78 9 11
32 -23 -1 m1 29 4 41;9 0 16;54 7 12;-43 3 9;82 7 9
32 -23 -1 m2 98 8 26;53 6 24;29 1 17;120 1 17;82 6 7
32 -23 -1 m4 61 -2 28;128 -3 17;-52 5 11;-174 -1 11;-10 6 11
32 -23 -1 s -60 4 57;-77 5 18;-33 2 8;-10 1 7
32 -23 -1 m7 -56 4 45;-79 6 14;48 0 9;-36 4 9;-98 6 6
32 -23 -1 m0 -53 4 56;-32 1 12;28 0 6;52 2 6;2 2 6
32 -23 -1 m6 -81 5 35;-122 12 24;-60 5 18;20 0 12;-101 12 12
32 -23 -1 m3 123 4 15;-79 12 15;-57 8 15;-9 3 13;140 -4 12
32 -22 -1 m2 11 4 33;120 6 29;26 4 14;77 7 14;59 12 10
32 -22 -1 m1 -31 2 33;29 3 21;16 6 21;51 18 17
33 -22 -1 m1 14 1 56;26 2 21;-7 3 15;72 9 5
33 -22 -1 s 16 -2 75;-14 2 25
34 -37 -1 m6 76 -0 76;122 2 12;-162 8 6;151 4 6
34 -37 -1 m5 74 0 50;123 6 25;112 4 8;167 8 8;137 7 8
32 -37 -1 m4 142 3 70;120 1 20;-135 20 10
27 -29 -1 m1 34 5 36;59 8 24;74 3 21;17 11 11
28 -27 -1 s 25 -3 57;21 -2 24;97 0 20
27 -27 -1 m3 82 0 66;98 1 20;141 12 10
28 -23 -1 m2 104 3 72;82 1 15;115 4 8
28 -22 -1 m2 102 5 66;80 3 23;122 8 9
28 -21 -1 m2 78 4 67;100 4 28;51 7 5
27 -20 -1 m2 57 3 41;74 3 26;34 2 21;-49 3 10
27 -19 -1 m2 6 1 50;-5 2 33;33 3 11;54 3 7
27 -19 -1 m3 -6 -23 50;10 5 33;31 7 17
28 -19 -1 m7 -6 -9 31;7 -1 31;-58 -2 15;-114 -1 15;29 -47 8
28 -19 -1 m6 29 -35 35;-77 9 19;-118 8 15;-105 0 12;0 1 12
28 -19 -1 m5 -103 9 38;-118 10 37;-86 9 20
28 -20 -1 m6 -79 9 38;-97 6 25;-119 12 12;68 8 8;42 11 8
28 -20 -1 m5 -102 9 64;-81 8 20;-119 9 11
28 -19 -1 m0 7 1 57;-8 2 30;27 -30 9
29 -19 -1 m1 -7 2 47;10 2 25;34 -2 22;48 12 5
29 -19 -1 s -8 -1 79;0 2 21
29 -19 -1 m2 -4 -2 27;10 3 27;26 6 27;141 18 9;175 18 9
29 -19 -1 m5 -123 10 87
28 -18 -1 m2 40 2 40;-13 1 30;51 1 20;7 -8 10
29 -17 -1 m1 -30 1 44;-6 7 25;25 1 19;12 3 12
30 -17 -1 m1 -38 2 43;7 0 21;47 -48 21;-4 2 14
30 -17 -1 m0 -39 3 67;12 -26 21;-11 1 8
31 -17 -1 m7 -56 4 24;-20 9 24;-82 -9 21;-92 -3 17;-37 6 14
31 -18 -1 m7 -33 5 75;-48 5 14;-80 -12 7
32 -18 -1 m7 -36 7 79;-57 3 14;-17 5 7
32 -19 -1 m7 -37 5 40;-13 2 31;33 -1 14;10 4 14
34 -20 -1 m7 -76 8 46;-56 7 25;-11 -2 14;-30 7 7;-93 9 5
34 -20 -1 m0 59 -2 46;6 0 23;-53 10 15;-2 0 8;-42 9 8
35 -20 -1 s -10 -3 58;77 -6 25;63 -5 7
35 -20 -1 m0 38 -0 46;75 3 21;50 -2 21;-12 4 8
35 -20 -1 m1 61 1 35;15 2 29;74 8 18;-10 0 12;43 -1 6
36 -20 -1 m2 96 3 36;73 5 27;64 5 27;43 -1 9
36 -19 -1 m2 39 0 26;-17 0 21;99 4 21;72 -2 16;51 5 11
36 -19 -1 m1 57 1 56;36 0 16;-33 4 16;-19 -1 12
36 -19 0 m1 61 2 46;27 0 31;100 -1 23
41 -29 -1 m3 106 4 52;125 7 33;165 9 7
41 -27 -1 m3 80 7 48;100 2 26;123 22 26
41 -27 -1 s 115 1 43;106 -3 32;-141 5 13;88 -3 6
40 -27 -1 s 100 -3 60;81 -2 15;123 0 13;63 -5 5
40 -27 -1 m6 102 -4 44;83 -2 17;-70 10 17;-50 17 11;129 6 6
40 -27 -1 m5 122 3 40;74 -2 15;-118 11 15;105 -7 10;-59 6 10
40 -27 -1 m3 95 2 27;123 18 26;86 0 24;146 5 19
40 -27 -1 m7 -12 6 25;-52 14 25;-82 10 19;100 -7 6;86 0 6
38 -26 -1 m2 71 5 64;103 -2 18;64 3 9;118 2 9
39 -26 -1 m2 77 4 41;99 6 15;-166 6 15;59 3 12;122 3 9
39 -26 -1 m1 80 2 38;122 4 31;97 1 23;64 3 8
40 -25 -1 m0 94 -2 32;16 1 18;30 3 18;-8 -1 11;113 -3 7
41 -24 0 m1 57 14 36;34 8 33;8 10 21
42 -24 -1 m1 11 25 25;55 9 18;39 11 14;-8 3 14;79 3 11
42 -23 -1 m1 154 2 25;80 -16 19;55 -8 16;99 -21 16;-2 0 9
42 -23 -1 m2 98 -45 23;146 -1 19;161 1 19;79 -32 16;53 4 12
42 -23 -1 s 150 1 24;166 1 20;-31 5 18;-173 -0 11;128 -2 6
42 -22 -1 s 168 2 28;-33 -1 14;-127 12 12;-105 8 11;153 4 8
42 -23 -1 m7 -29 7 26;-104 8 22;-6 -2 17;-55 15 13;-120 6 13
42 -23 -1 m4 -95 10 29;-75 11 29;125 -2 29;144 3 14
42 -23 -1 m6 -51 4 32;151 2 20;-32 1 16;-73 6 12;-9 -4 8
42 -23 -1 m5 146 2 52;-148 5 16;-77 9 12;-5 -10 8
42 -24 -1 m6 -153 3 31;-3 -4 23;-36 -1 15;0 -1 15;169 13 8
42 -24 -1 m7 -9 1 46;4 -2 31;153 0 12
43 -24 0 m0 5 -1 45;-7 2 42;30 5 6;53 4 6
44 -24 0 s 171 6 44;58 5 35;151 5 16
44 -24 0 m3 164 14 57;146 4 13;-174 16 13;125 7 9
43 -24 0 m3 169 15 52;-169 11 19;32 0 15;157 15 11
43 -24 0 s 14 2 59;-33 -10 26;27 -1 7;102 6 7
43 -24 -1 m3 171 14 42;123 -1 16;35 1 11;157 22 11;-167 13 11
43 -23 -1 m3 -148 5 37;-170 10 17;170 17 13;102 2 12;-131 3 7
43 -23 -1 m4 155 4 26;164 7 22;-163 14 13;-146 4 13;34 8 9
43 -23 -1 m5 -147 6 50;-108 20 20;172 4 20;155 3 10
43 -23 -1 m0 9 0 73;-10 -7 18;27 4 9
43 -23 -1 m7 -12 -7 55;-144 4 23;-29 -2 14
45 -23 0 m1 59 7 51;37 8 19;86 6 11;102 9 11;124 12 5
46 -23 0 m1 64 5 57;72 5 20;41 8 17
46 -22 0 m1 60 7 71;70 3 24
47 -22 0 m1 71 3 70;61 6 27
47 -21 0 m1 75 4 82;65 7 15
47 -21 0 m2 78 4 89;-115 11 11
47 -20 0 m2 81 6 76;101 3 14;-161 5 5
47 -19 0 m2 145 2 36;72 8 36;127 5 14;170 6 7;64 12 7
48 -19 0 m1 145 2 44;129 5 17;70 5 17;92 2 11;59 12 11
48 -19 0 m2 146 2 75;90 4 8;69 9 8;59 12 8
48 -18 0 m1 159 -1 25;122 7 25;61 10 21;78 7 17;147 2 8
48 -18 0 m2 121 5 40;99 8 32;77 4 24
49 -16 0 s 173 -2 92;98 -6 8
49 -17 0 m7 -117 9 55;-108 8 36;91 -2 9
50 -15 0 m2 100 4 40;117 6 30;148 2 20;168 5 10
50 -14 0 m2 169 2 65;152 1 22;-140 3 9
50 -14 0 s 167 0 100
50 -13 0 s -164 2 62;170 2 38
50 -15 0 m6 -101 5 67;-153 9 13;-120 1 13;156 2 7
50 -15 0 m5 -140 1 30;-104 10 30;-158 9 20;-121 22 10;166 23 10
49 -15 0 m5 -105 5 46;-121 10 24;-147 12 14;-163 10 14
49 -15 0 m4 -149 4 50;-101 6 20;-158 9 10;-124 10 10;129 19 10
48 -15 0 m5 -107 7 61;-146 6 17;-115 9 11;-162 3 6;128 3 6
48 -16 0 m5 -109 10 50;-171 3 17;172 1 10;-125 12 10;148 11 7
48 -16 0 s 168 -1 82;-170 3 16
48 -16 0 m2 77 10 36;61 14 21;168 0 14;102 11 14;116 13 7
48 -16 0 m6 -107 7 55;-114 5 14;-83 10 14;163 1 6
48 -18 0 m6 -109 7 61;-119 9 26;-149 6 6
48 -18 0 m5 -121 9 49;-109 7 30;-142 12 8;-166 7 6;174 10 5
48 -19 0 m5 -109 7 41;-120 8 31;144 3 10;-77 10 6
48 -19 0 m6 -107 7 45;-120 7 38;146 3 9
47 -19 0 m5 -107 7 55;-117 7 20;-77 10 15;139 1 5;-166 5 5
47 -19 0 s -36 17 36;-56 16 33;-15 14 25
47 -19 0 m6 -106 7 81;-138 5 8;-116 4 8
47 -20 0 m6 -123 6 71;-106 7 25
47 -21 0 m5 -140 7 53;-129 6 47
47 -21 0 m6 -140 5 55;-127 7 34
47 -22 0 m5 -145 6 62;-166 6 19;-130 6 16
46 -22 0 m5 -142 9 44;-167 6 21;170 5 17;-131 11 7
46 -22 0 m4 169 6 79;123 2 10;-171 7 7
46 -22 0 m2 102 3 40;146 11 30;55 19 10;159 2 5;74 16 5
47 -22 0 s 170 2 86;-156 7 10
46 -22 0 m6 -144 11 30;-170 10 25;60 4 15;-135 5 10;160 2 5
46 -21 0 m2 117 4 40;-119 6 30;-143 14 10;-176 0 10;111 10 10
46 -21 0 m1 122 3 32;-131 6 20;86 6 18;110 9 15;137 7 8
46 -21 0 s -127 -2 58;128 -4 25;141 2 6;-171 3 6
46 -20 0 m1 150 4 31;124 8 31;100 8 31;86 14 8
47 -20 0 s 144 2 48;-119 6 48
47 -20 0 m5 -123 7 65;-105 11 18;-144 14 6;-42 24 6;-78 9 6
46 -21 0 m5 -128 5 46;-171 6 26;-142 5 14;130 -0 9;-104 2 6
46 -22 0 m0 37 0 31;60 7 23;85 1 23;-29 13 15;14 2 8
48 -17 0 m2 98 11 32;74 7 26;123 6 23;147 5 19
47 -16 0 m3 151 2 32;171 7 29;-169 9 29;-146 8 9
46 -16 0 m4 -169 6 42;-132 7 27;-151 15 15;-100 6 12
45 -15 0 m3 -170 7 46;-146 5 38;167 16 8;-128 3 8
44 -15 1 s -141 0 71;-160 6 29
33 -38 -1 m4 121 3 38;107 5 31;70 7 23;157 2 8
29 -34 -1 s 7 -6 50;56 -3 24;-9 -8 7;-30 -9 5
28 -34 -1 m4 6 -7 36;138 5 29;-143 7 14;128 5 7;-121 5 7
27 -33 -1 m3 124 6 65;141 2 15;109 7 13;-12 12 8
27 -32 -1 m2 105 6 68;121 4 32
28 -28 -1 m1 83 1 45;52 9 18;94 -1 18;34 5 16
28 -25 -1 m0 17 -39 63;23 -44 16;-29 6 11;-16 2 11
28 -24 -1 m0 13 -24 73;27 -44 23
29 -25 -1 m7 -27 5 46;10 1 31;-14 8 23
29 -25 -1 m0 -6 6 25;23 -61 25;-30 6 19;16 -1 12;-66 11 12
29 -25 -1 s 17 -1 50;27 -52 50
30 -25 -1 m7 9 -1 62;-11 1 23;-57 10 15
30 -26 -1 m6 14 0 71;169 8 7;-3 2 7;76 1 7;-130 13 7
30 -26 -1 m7 16 -5 43;25 -13 33;96 0 9;-28 6 9
31 -26 -1 m7 -145 2 24;29 -1 15;-51 6 15;-132 -1 15;18 0 9
31 -26 -1 s 25 -3 54;-141 2 14;-124 13 9;19 -2 8;174 9 5
31 -26 -1 m2 121 11 20;76 2 16;171 6 16;-172 4 12;34 0 8
31 -26 -1 m1 29 -15 36;17 -16 16;62 -48 9;104 12 7;-145 2 7
31 -25 -1 m1 17 -15 40;-146 3 20;62 -48 10;24 -49 10;-55 5 10
31 -25 -1 m7 9 -1 52;23 -13 24;-5 0 10;-71 5 7;-56 4 7
31 -25 -1 s -142 1 80;26 -58 5
30 -25 -1 m3 140 2 38;103 4 28;17 -4 12;127 5 9;33 1 9
30 -24 -1 m3 99 2 50;143 -0 29;126 1 14;-89 2 7
29 -24 -1 m3 116 4 26;142 1 23;105 4 21;168 17 13;-36 0 8
28 -24 -1 m3 104 2 44;114 3 32;37 -2 8;12 -13 8
28 -23 -1 m3 107 4 48;118 3 36;86 4 14
28 -18 -1 m0 -11 -1 59;-24 0 18;4 1 18;29 -48 6
29 -18 -1 s -13 0 53;-26 -0 42;-103 9 5
29 -18 -1 m5 -125 6 60;-138 8 13;-23 3 10;-108 7 10
28 -18 -1 m6 -10 0 93;-114 2 7
28 -18 -1 s -10 -0 98
30 -19 -1 m3 -172 18 24;163 12 21;-14 0 18;2 7 12;-38 -17 9
30 -19 -1 m5 -77 9 22;-36 -2 17;-93 6 17;-58 1 17;-154 6 11
30 -19 -1 m6 -11 -3 39;-30 -5 19;-55 -0 13;14 5 10;-153 6 10
30 -19 -1 m7 -12 1 52;-29 2 35;9 2 8
30 -19 -1 m0 -30 1 50;-9 -6 50
30 -19 0 m7 -32 -0 54;-12 1 24;11 6 21
31 -20 1 m6 -98 12 36;-122 17 17;-80 8 14;-59 8 10;-36 13 10
31 -21 1 m6 -56 15 26;-37 14 18;-119 16 16;-77 15 16;-98 17 12
31 -21 1 m5 -125 20 41;-102 19 22;-141 20 14;-79 25 10;-55 28 7
31 -21 1 m7 -56 12 25;-39 9 25;32 15 17;-120 12 17;80 17 8
34 -23 1 m0 29 4 44;-5 13 22;-29 13 17;13 4 11;-84 5 6
34 -22 1 s 7 3 79;-41 12 10;-13 5 10
33 -23 1 m5 7 4 67;-147 11 7;155 9 7;-160 14 7;-74 11 7
41 -31 -1 m4 -140 -2 56;124 0 12;-135 -4 12;108 2 6;145 -1 6
41 -31 -1 m5 -151 2 43;-170 2 36;171 8 7;-123 9 7
40 -31 -1 m5 -147 6 43;-166 9 37;-123 10 13
41 -32 -1 m7 -124 7 36;-100 5 27;-164 2 18;178 1 9;-146 12 9
41 -32 -2 s 85 0 45;-164 -36 45;176 1 9
37 -32 -1 m4 102 -5 63;125 0 33
36 -31 -1 m4 82 -6 56;96 -10 29;126 1 5
37 -31 -1 m1 127 -1 52;146 -2 17;103 -10 8;83 -12 6
37 -31 -1 m0 98 -13 33;127 -1 22;-11 -4 16;142 -2 12;82 -17 7
38 -31 -1 m7 -19 3 56;-36 4 15;148 -4 11;-176 -4 11;169 -3 7
38 -31 -1 m0 -176 -3 29;0 4 18;143 0 18;-6 2 12;133 0 12
38 -32 -1 m7 -13 4 54;177 0 15;0 6 8;-23 6 8;-179 -1 8
39 -32 -1 m7 -11 4 67;1 5 13;176 0 13;-42 6 7
39 -32 -1 m0 -7 4 46;1 5 29
40 -32 -1 m0 -9 5 60;6 3 13;40 8 7;-32 3 7;81 2 7
40 -32 -2 m7 81 3 27;-152 4 18;5 3 18;54 2 9;-175 6 9
41 -30 -1 m3 98 -1 36;142 8 27;77 4 18;162 0 9;116 10 9
41 -30 -1 m4 165 0 29;92 -0 24;-154 -0 12;-169 -1 6;149 1 6
41 -30 -1 m0 95 0 31;81 9 23;61 17 23;37 -5 15;-60 12 8
42 -29 -1 m1 96 3 33;122 2 21;141 2 18;54 5 12;29 7 9
42 -28 -1 m1 147 3 51;164 4 19;-119 16 12;129 5 6;57 10 6
42 -28 -1 s 165 6 59;147 2 25;-117 11 10
42 -28 -1 m4 146 2 50;167 5 39
41 -28 -1 m0 -80 10 16;96 -0 14;-61 10 13;-94 11 13;12 8 11
41 -28 -1 s 102 -2 60;-63 9 15;170 1 9;121 2 6
41 -28 -1 m7 -80 9 51;-60 10 12;-32 11 12;-95 11 10;132 0 6
42 -28 -1 m7 143 -2 16;161 -2 16;-86 10 16;-101 11 12;37 0 12
42 -28 -1 m0 165 4 45;151 1 18;-113 11 12;-107 11 12;133 0 5
42 -28 -1 m6 160 2 38;152 2 33;-107 12 19;-126 1 10
42 -28 -1 m5 149 2 75;160 5 19;-101 10 6
42 -28 -1 m3 146 5 48;129 8 14;161 6 14;-149 12 14
40 -28 -1 s 73 -2 63;-28 8 36
42 -31 -1 m3 117 6 37;162 1 32;109 4 26;135 2 5
41 -32 -2 m4 -168 -13 60;153 0 20;166 0 10;-133 -11 10
40 -31 -1 m3 75 -4 29;165 1 29;-140 1 29;157 1 7;-135 -3 7
39 -31 -1 s -165 1 62;167 2 26;153 0 6
38 -31 -1 s 159 12 52;150 2 39;130 0 6
38 -31 -1 m5 148 0 40;132 -1 40;159 12 10;-171 1 10
38 -31 -1 m4 149 2 71;160 6 17;-173 2 6;124 -2 6
39 -34 -2 m5 -150 2 55;165 8 25;141 8 20
38 -35 -2 m5 -170 5 43;-139 4 43;170 7 14
30 -36 -1 m2 106 6 54;74 -3 38;113 7 8
30 -35 -1 m2 104 6 38;81 1 29;58 -1 18;119 5 16
29 -34 -1 m2 58 -2 55;141 6 14;106 7 14;82 4 9
26 -32 -1 m2 98 10 92;84 0 8
26 -29 -1 m0 54 6 31;36 6 31;-3 4 19;13 7 12;-30 40 6
27 -29 -1 m0 38 7 44;20 8 33;46 8 7
27 -29 -1 m5 -126 10 78;-157 12 22
27 -29 -1 m6 -129 6 40;-137 11 30;-73 -10 20;-161 13 10
26 -29 -1 m5 -103 12 43;-120 5 40;-77 10 14
27 -26 -1 m1 77 1 60;59 0 20;37 -4 20
28 -23 -1 m1 79 -6 24;101 5 20;29 -10 14;54 -25 10;-8 4 8
27 -22 -1 m4 62 1 60;127 5 40
27 -22 -1 m3 57 -1 40;97 3 33;77 2 20;124 9 7
26 -22 -1 m3 53 -3 92
26 -21 -1 m1 -52 2 71;-42 1 21;41 -2 7
27 -21 -1 m0 37 -1 50;-63 3 22;8 -1 17;49 3 11
29 -19 -1 m7 -12 1 71;-30 3 29
30 -19 0 m0 -10 2 47;-30 -3 37;15 2 16
30 -19 0 s 14 2 52;-6 2 41;-34 0 7
31 -20 0 m0 -16 3 37;-31 7 19;29 12 19;14 15 19
32 -22 1 m6 -11 6 44;-34 9 22;9 5 14;-51 9 14
34 -23 1 m1 28 6 40;11 6 20;-83 6 20;56 5 20
34 -23 1 s 32 4 80;-84 4 14;8 4 6
34 -22 1 m2 -11 5 40;-54 10 40;6 8 10;25 5 10
34 -22 1 m5 -145 9 29;4 6 12;-80 8 12;-174 6 12;-122 11 12
34 -22 1 m4 9 4 67;-178 5 17;-120 5 8;-141 8 8
39 -21 -1 m7 -8 1 71;-114 3 29
41 -21 0 m7 30 2 33;-115 7 28;9 10 17;-82 13 17;-97 15 6
28 -7 0 m6 -81 1 40;-102 5 40;-42 3 20
33 -14 1 s -76 -42 86;-8 -12 7;-57 -18 7
35 -14 1 s -87 2 86;77 9 11
34 -12 0 m1 7 7 40;30 4 23;78 13 17;60 5 13
36 -13 0 m0 -36 8 47;-9 9 29;-47 14 6;54 9 6;1 11 6
29 -7 0 m6 -70 1 50;-64 3 38;-36 13 12
34 -14 0 s -145 -30 70;9 9 6
34 -14 0 m2 55 7 50;10 6 20;78 19 20;33 6 10
34 -15 1 s 47 21 53;75 11 24;32 20 18;-38 5 6
34 -15 2 m0 8 17 32;-13 6 21;-30 7 18;75 27 18;57 21 7
35 -14 0 m0 39 14 40;-14 11 33;-30 9 13;16 12 13
37 -15 0 m0 -127 8 35;-32 6 25;-142 10 10;-106 8 10;-11 3 5
38 -15 0 m1 -129 10 34;35 7 19;62 3 12;84 2 9;13 3 6
38 -14 0 m2 35 2 17;-13 6 17;9 8 17;-123 9 17;-35 3 11
38 -14 0 m3 -172 8 29;-128 11 29;36 2 14;173 13 14;119 6 14
38 -14 0 m0 -13 10 26;-58 4 21;-78 4 16;-36 7 16;-99 3 5
38 -14 0 m7 -61 14 26;-100 8 22;-79 9 22;-122 7 19;-36 12 7
38 -14 0 s -126 10 77;-149 12 9
38 -14 0 m4 -154 10 29;-129 8 29;-169 7 12;170 18 12;127 10 12
37 -13 0 m3 123 8 25;106 8 19;-6 13 19;168 3 12;-178 5 6
38 -14 0 m5 -127 12 77;-143 8 9;-96 16 7
38 -15 0 m6 -97 14 42;-141 8 26;-124 9 21;-158 4 5;-86 10 5
35 -16 0 s -56 6 50;-7 7 26;-32 5 17
36 -16 0 s 49 -1 30;-139 10 21;-105 4 19;-57 6 13;-72 9 6
34 -17 -1 m5 -79 5 58;-57 4 17;-128 4 8;-22 8 8;-23 3 8
34 -18 -1 m6 -101 11 58;-124 9 19;-82 9 9;-165 -1 6
34 -18 -1 m7 -172 4 26;-56 2 26;177 5 21;-84 5 11;-118 -9 11
34 -18 -1 m0 -169 4 54;-10 14 23;-77 -0 12
34 -19 -1 m6 -99 10 27;-79 9 23;-123 12 18;-147 12 13;-170 9 7
34 -19 -1 m5 -169 11 32;173 6 19;-101 9 18;-148 9 16;-80 11 8
34 -19 -1 m4 -171 9 67;170 14 24
33 -19 -1 m3 169 10 42;-176 7 17;-95 9 17;34 2 17;-150 7 8
33 -18 -1 m3 -76 3 22;-147 5 22;-61 3 22;34 3 17;-176 6 6
33 -18 -1 s -55 1 65;17 -0 13;38 -6 10
33 -19 -1 m6 170 8 80;-119 7 10;-157 8 10
32 -18 -1 m3 85 -56 27;92 -51 27;2 -6 27;-167 3 13;165 10 7
31 -18 0 m3 -167 6 31;-152 5 31;-57 -11 15;-70 -11 8;-135 0 8
30 -18 -1 m3 -172 8 45;-149 9 27;157 0 9;-102 14 9;179 2 9
29 -18 -1 m6 -13 1 62;-123 7 12;-84 7 12;-23 1 8
31 -19 0 m0 -41 -3 20;-57 1 20;59 -4 13;77 -10 13;16 3 13
31 -19 0 m7 -34 2 75;-50 5 15;19 19 5;-16 3 5
32 -11 0 m0 3 4 36;-9 0 29;-50 5 21;-30 9 14
36 -14 0 m3 151 9 33;123 11 17;-149 12 12;-117 12 12;-160 12 8
34 -15 0 m6 -126 23 58;-107 7 25;-90 15 8;54 20 8
34 -16 0 m6 -98 11 70;-83 18 25;-56 10 5
34 -16 -1 m1 -60 5 44;-32 8 28;-77 6 22;73 -17 6
37 -16 0 m0 -74 10 32;-58 8 21;-30 13 21;-3 8 11;1 8 11
34 -16 1 m5 -102 21 48;-76 24 28;-118 25 14;-64 23 10
33 -16 -1 m5 -31 7 64;-82 19 27;-18 3 9
33 -17 -1 m6 -7 11 40;-28 9 40;1 6 20
33 -17 -1 s 4 2 91;-8 4 7
33 -16 -1 s -27 0 47;-21 0 47;-57 -1 5
34 -16 -1 s -76 1 46;-32 4 20;-97 12 12;2 11 7;-53 3 5
34 -16 -1 m0 -34 5 44;-55 7 26;-72 2 22
35 -18 0 m7 -172 6 50;-145 7 40;-130 8 10
34 -20 -1 m6 -75 9 52;-94 6 20;-57 9 12;-40 10 12
34 -21 -1 m7 -78 9 44;-11 1 22;-104 9 11;-129 7 6;-65 6 6
35 -21 -1 m6 -102 8 38;-121 13 22;-146 10 16;-87 9 16;-169 19 7
35 -21 -1 m7 -75 11 23;-18 -2 18;-98 9 14;-36 8 14;-47 10 14
34 -21 -1 s 15 -4 75;-84 7 12;-178 0 6;23 0 6
34 -21 -1 m4 -168 14 43;-150 9 21;-3 -7 14;0 -16 7;-122 8 7
33 -21 -1 m4 -131 14 36;-149 9 27;-166 12 27;-6 -2 9
33 -22 -1 m5 -126 12 35;15 -0 22;-143 10 20;27 1 7;-167 2 6
32 -22 -1 m5 -127 11 44;172 -3 24;28 3 16;-167 3 8
32 -22 -1 m4 168 -2 43;146 -10 21;-163 5 14;-157 5 7;129 -19 7
32 -22 0 m3 148 -5 42;165 -4 25;124 -15 25;74 -40 8
31 -22 0 m3 58 -5 18;80 -5 16;143 -2 14;124 -4 10;174 1 9
31 -22 0 m4 128 -6 14;102 -5 14;-38 9 13;75 -2 10;-120 4 8
30 -22 0 m4 15 7 29;-86 8 18;-30 3 18;-57 -5 12;-13 9 12
30 -22 0 m5 -31 5 25;31 2 22;-11 8 20;5 0 18;61 -4 5
30 -22 0 m6 -9 3 48;-31 5 21;7 1 12;34 -1 6;-57 4 6
30 -22 0 m7 -10 3 38;56 -10 24;31 -2 14;6 6 10;-27 1 7
31 -22 0 m7 -30 7 36;-11 12 36;5 -1 11;-52 16 9
31 -23 0 m7 -8 3 48;6 2 23;-30 4 18;61 -3 5
31 -23 1 m7 11 6 58;-13 5 27;32 6 5
31 -23 1 m0 -12 7 41;12 10 30;33 5 15
32 -23 1 m7 69 19 18;18 14 18;-5 6 18;-48 8 18;-36 21 18
32 -23 1 m3 7 3 76;103 13 12;128 13 6;-22 16 6
31 -23 1 m3 121 24 28;102 24 28;5 3 21;145 22 14;75 24 10
31 -23 0 m3 3 3 26;102 29 22;84 23 17;65 18 17;123 23 9
30 -22 0 m3 52 10 67;37 5 13;-6 10 13;13 -5 7
30 -22 0 m2 8 12 52;35 16 29;-9 16 14
31 -22 0 m0 -11 9 35;3 9 15;69 -18 15;-53 14 15;-31 19 12
32 -22 -1 m7 9 2 29;-75 7 21;-99 6 11;-60 9 11;-131 7 5
33 -22 -1 m0 14 3 40;-65 5 27;-9 3 13;-68 5 7;43 14 7
31 -22 0 m5 -37 11 33;59 -4 28;70 -8 11;-19 12 11;28 -1 11
32 -22 -1 m0 12 3 47;32 8 21;53 9 16;-4 5 16
33 -21 -1 m1 8 2 50;-14 2 50
34 -21 -1 m0 7 -4 65;29 4 17;73 1 9
35 -21 -1 m1 77 3 48;145 7 14;30 -2 10;-46 25 10
34 -18 -1 m2 80 6 35;97 8 33;58 3 20
34 -17 -1 m2 100 7 38;82 2 22;119 10 16;-3 4 8;56 7 8
37 -14 0 m0 -8 10 40;52 8 20;29 6 13;82 7 10;-28 9 10
39 -16 0 m0 -30 4 47;21 6 20;63 -4 20;-17 9 13
40 -16 0 m0 -26 5 59;32 2 21;-15 3 17
41 -16 0 m0 -25 5 92;-115 11 8
42 -16 0 m0 -40 4 91;-138 9 9
42 -16 0 m7 -59 11 35;-44 3 18;-144 7 18;-116 8 18;-105 6 12
43 -16 0 m0 -38 5 63;-80 8 16;-51 8 16;-137 8 5
43 -20 0 s -123 11 100
28 -4 0 m6 -72 1 80;-61 1 12
32 -14 0 m6 -84 -38 91;-60 -27 9
32 -15 1 m6 -82 -46 53;-53 -57 21;-116 -20 21;-107 -50 5
37 -14 0 m1 -124 6 74;10 6 11;147 5 5;57 8 5;73 9 5
41 -31 -1 m3 74 3 44;-148 0 19;-132 -4 19;161 1 6;90 21 6
40 -31 -1 s -61 4 34;78 -21 29;-35 4 21;-70 3 13
29 -29 -1 m3 106 5 42;127 8 27;81 1 19;138 4 8
28 -29 -1 m3 96 4 38;87 2 25;149 9 25;114 11 6;177 12 6
27 -25 -1 m0 29 6 58;16 -4 25;73 2 17
32 -25 -1 m7 29 -8 50;-73 4 25;11 2 15;-7 4 5;-64 4 5
32 -25 -1 m0 25 -4 57;18 -2 35;-61 4 9
32 -25 -1 s 28 -2 85;22 -3 8;-63 5 6
32 -25 -1 m3 35 -6 47;51 -1 26;149 3 21;109 -1 5
32 -25 -1 m2 56 2 78;31 -5 15;97 -3 7
31 -25 -1 m3 49 -7 30;-147 4 30;106 2 10;76 -3 10;-59 2 10
31 -24 -1 m3 146 0 46;123 11 18;45 -2 7;44 -1 7;77 7 7
32 -24 -1 m3 122 3 22;56 3 19;104 6 19;75 10 19;142 1 7
31 -24 -1 m4 128 3 38;-131 13 31;13 8 15;137 -2 8;-98 3 8
31 -23 -1 m3 129 4 29;-11 2 24;163 9 12;11 6 12;149 10 6
30 -23 -1 m3 148 4 71;130 2 29
29 -23 -1 m3 144 3 43;126 2 29;104 -1 24
29 -18 -1 m2 -15 -0 80;-24 1 20
30 -17 -1 m5 -37 3 35;5 -5 25;-82 1 20;-48 5 15;-128 9 5
30 -18 -1 m6 -150 7 38;-28 3 31;-17 1 31
30 -18 -1 m5 -142 9 37;-81 -0 16;-103 4 16;-131 7 16;-30 1 5
31 -19 0 s 12 12 77;80 -25 15;23 7 8
30 -19 -1 m4 -172 12 18;169 11 18;-152 14 14;-35 -16 14;-71 8 9
30 -18 -1 m1 -12 4 38;-26 4 38;47 -35 23
30 -18 -1 m0 -13 3 76;-27 4 23
31 -18 -1 m0 -27 7 43;-19 1 37;0 -17 20
31 -19 -1 m7 -30 3 58;-15 -0 42
31 -19 -1 m0 -15 3 68;-31 4 32
33 -20 -1 s 50 -5 95
33 -20 -1 m3 133 13 36;170 24 36;152 4 18;106 6 9
33 -20 -1 m4 165 8 64;145 13 14;-136 23 7;-99 7 7;-174 19 7
32 -19 -1 m2 39 -1 27;163 4 18;56 -3 18;71 -25 18;105 16 9
32 -18 -1 m2 102 -48 30;-38 7 20;3 -20 20;-48 3 10;75 -49 10
31 -17 -1 m4 -50 3 39;-30 -0 39;-148 8 11;-131 8 6;-70 7 6
32 -17 -1 s -104 -3 44;-56 3 33;-83 0 11;-114 3 7
31 -17 -1 s -53 3 45;-73 -18 14;-19 -7 14;36 -39 10;-104 2 7
30 -17 -1 s -41 1 100
33 -24 1 m7 -19 13 29;-30 15 27;35 1 25;18 5 16
34 -24 1 s 30 4 25;18 5 19;-126 12 18;-81 11 15;58 3 9
34 -24 1 m2 6 7 64;81 22 18;-83 6 9;-122 24 9
34 -24 1 m1 -128 20 32;-64 15 23;-75 14 18;14 6 9;54 23 9
34 -23 1 m2 33 8 40;49 8 33;4 8 7;112 17 7;113 16 7
41 -33 -2 m3 148 3 56;97 -11 25;162 0 13
41 -31 -2 m2 83 2 60;99 3 40
37 -31 -1 m2 102 -8 33;130 -9 30;-175 1 11;169 2 7;-131 6 7
41 -31 -1 m1 96 2 31;-162 -16 31;83 0 25;32 2 6;113 9 6
41 -29 -1 m2 104 4 68;120 5 21;82 7 8
42 -29 -1 m6 -104 12 43;143 -2 27;-124 6 20;-89 11 7
41 -29 -1 m6 -99 9 52;-120 7 20;-81 12 9;-146 4 9
41 -28 -1 m5 125 6 29;147 7 24;170 0 18;-178 13 6;100 0 6
42 -25 -1 s 120 -2 71;145 -0 9;96 2 8;79 5 6
42 -25 -1 m5 143 4 46;124 1 31;166 11 12
42 -25 -1 m6 -79 5 36;149 6 27;-143 4 27;81 10 9
41 -25 -1 m6 -121 8 37;-105 8 33;-83 10 11;-141 9 11;-163 9 7
41 -26 -1 m6 -102 9 62;169 3 12;-119 10 12;-139 6 8;-83 7 5
41 -26 -1 m5 -119 11 50;-102 11 27;-87 9 12;166 3 8
41 -27 -1 m6 -80 10 49;-97 9 35;-59 10 16
41 -28 -1 m6 -79 9 33;142 3 15;-57 12 13;-147 4 9;170 5 9
41 -29 -1 s 108 -2 73;-98 10 21
41 -29 -1 m1 100 3 74;81 11 11
43 -33 -2 s 120 -4 100
36 -31 -1 s 84 -5 88;95 -3 11
42 -29 -1 m3 124 6 41;137 1 29;101 5 24;-150 20 6
41 -29 -1 m5 -123 9 46;-107 9 23;-164 12 14;-144 4 14
39 -32 -1 m5 166 3 42;144 1 42;-142 12 8;-163 14 8
39 -32 -1 m2 158 1 45;148 5 45;101 -4 9
41 -29 -1 m0 30 3 30;49 3 20;-100 21 20;111 -1 10;79 5 10
40 -27 -1 m1 80 3 37;96 2 24;-61 8 18;64 3 13
40 -27 -1 m2 124 20 32;100 3 25;84 1 25;143 7 14
40 -26 -1 m3 120 19 42;108 25 26;165 2 16;139 4 5;88 0 5
40 -26 -1 m4 120 3 23;106 1 23;146 12 15;168 8 15;-84 3 8
39 -26 -1 m3 141 6 32;100 8 29;172 9 15;88 3 12;121 4 10
39 -25 -1 m2 83 3 39;95 -5 18;57 1 14;11 -2 14;37 3 11
39 -25 -1 s 58 -5 49;8 -0 17;28 -2 17;-124 5 7
39 -25 -1 m7 58 -0 69;31 1 23;89 -4 8
39 -25 -1 m0 83 -1 50;21 -3 22;30 4 17;50 -1 11
41 -25 -1 m0 122 0 37;29 3 21;94 4 11;-87 7 11;-91 9 11
42 -25 -1 m1 126 0 43;143 3 40;80 5 9;108 1 9
42 -25 -1 m2 127 -0 38;75 8 26;96 0 24;144 0 9
34 -12 0 m0 3 7 45;-9 5 27;-62 2 18;-73 2 9
33 -17 -1 m5 3 5 47;-13 5 47;-24 2 5
33 -17 -1 m1 -13 5 58;4 7 32;-25 3 11
34 -17 -1 s 1 1 46;-6 3 22;-83 4 16;-29 6 11
31 -13 0 m1 11 10 35;31 7 30;-17 5 25;68 7 5;52 7 5
32 -13 0 m0 -9 12 53;-36 5 33;5 5 13
33 -13 0 m2 73 8 63;64 1 16;94 8 16;-8 2 5
34 -18 -1 s -172 -1 81;-55 5 12
34 -22 -1 m5 -41 0 45;-165 8 27;172 18 18;-105 12 9
33 -23 -1 m5 143 -5 46;130 -6 31;-119 15 23
32 -22 -1 m3 6 2 45;148 -8 26;130 -3 13;52 -3 11
32 -23 1 m0 10 6 51;-12 6 14;58 7 11;76 14 8;97 9 6
32 -23 1 m2 -3 9 50;122 8 20;15 5 20;60 11 10
32 -22 1 m2 122 9 33;141 11 25;103 12 16;78 8 11;-7 3 7
32 -22 1 s 156 -1 43;123 10 19;8 5 16;-7 3 15
40 -12 0 m7 -79 8 44;-55 5 34;-103 -17 16;-42 8 6
40 -12 0 m6 -79 7 52;-103 -8 39;-63 9 9
40 -13 0 m7 -76 12 38;-102 9 25;-116 -4 16;-56 6 16;-38 6 6
42 -15 0 m7 -57 7 62;-80 18 21;-43 4 17
43 -16 0 m7 -79 8 41;-59 5 41;-40 6 13
44 -20 0 m6 -103 7 70;-79 10 20;-56 18 10
44 -21 0 m6 -74 10 26;169 5 23;-97 7 15;-173 7 13;-124 8 10
44 -22 0 m6 -81 11 37;-103 8 34
44 -22 0 m7 -80 11 58;-102 9 18;51 10 9;-54 9 9;-36 10 6
44 -23 0 m6 -104 13 41;-83 11 23;-117 16 15;-58 12 13;-151 16 8
44 -23 0 m7 -119 10 38;-103 14 33;-75 14 10;-14 27 10
44 -24 0 m6 170 10 43;-148 15 20;-167 23 13;-122 19 7;-83 18 7
44 -24 0 m5 -173 17 39;171 14 36;-150 14 14;153 7 8
44 -24 1 m5 167 22 61;152 16 28;-170 17 11
43 -25 -1 m4 152 3 57;-175 8 29;176 8 7;132 17 7
43 -25 -1 m5 147 7 46;165 12 38;-164 13 15
43 -25 -1 s 151 0 96
44 -25 -1 m0 148 3 46;14 2 23;26 4 15;58 6 8;123 9 8
44 -25 -1 s 154 -0 100
35 -18 0 m6 -171 -0 78;-99 -1 11;177 12 11
35 -18 -1 m6 -104 -0 46;-129 4 31;-168 -7 23
35 -18 -1 s -173 -6 90
35 -18 -1 m2 -102 -3 33;25 5 33;-174 -8 27;-3 8 7
35 -18 -1 m1 3 0 39;-103 -6 17;40 1 17;51 0 13;-10 7 13
31 -19 -1 s -33 3 57;-145 -40 21;120 3 7;-129 -30 7;-162 -26 7
32 -19 -1 m0 -12 -1 59;-34 5 16;3 -2 16;41 1 6
33 -20 -1 m7 -41 7 64;-52 6 18;48 -2 18
34 -21 -1 m5 -167 16 33;-128 7 17;-151 10 17;152 32 11;-96 8 11
34 -21 -1 m3 143 34 42;-171 18 17;-126 16 17;166 23 17;-148 16 8
32 -20 -1 m4 163 5 33;-83 -1 20;-98 13 13;153 0 7;111 2 7
31 -21 -1 m6 -52 4 64;-37 5 36
31 -21 -1 s -30 0 100
32 -21 -1 m7 -58 3 82;-30 5 9;-22 5 9
32 -21 -1 s -3 2 35;-62 3 31;2 0 31
32 -22 -1 m6 -168 -7 33;7 0 20;-77 6 13;-117 9 13;-112 7 7
31 -22 0 s -40 12 44;73 -9 37;-53 10 6;67 -7 6
32 -22 0 s -60 6 40;-21 6 40;-38 6 7;-76 2 7;-138 -1 7
30 -23 0 m7 -8 -0 58;13 8 17;47 6 8;44 0 8;-67 1 8
31 -23 0 m0 -14 4 69;55 -0 12;-30 2 12;77 -6 6
31 -23 0 s 73 -7 86;6 3 13
32 -23 1 s 4 4 81;-14 12 9
32 -23 1 m1 9 5 33;56 11 23;-5 15 15;77 14 10;-78 20 5
33 -23 1 s 14 4 76;32 1 17
34 -24 1 m7 -77 22 27;17 7 23;-63 17 19;-128 18 8;-7 10 8
34 -24 1 m0 -80 11 65;12 5 25;-63 15 5;-94 11 5
34 -24 1 m4 -79 12 41;-171 14 18;170 17 18;-53 18 12;66 -2 6
33 -24 1 m4 -16 14 38;163 15 19;155 14 19;66 -2 12;-82 7 6
33 -24 1 m3 -21 14 28;15 5 22;170 14 17;30 4 11;130 12 6
33 -24 1 s 34 2 50;14 4 38;-20 13 9
32 -24 1 s 35 20 52;62 26 43
41 -33 -2 m4 166 5 56;145 5 20;-174 1 8;128 5 8
35 -30 -1 m2 81 -18 85;61 -28 15
35 -29 -1 m2 76 1 68;62 -21 28
34 -25 -1 m2 61 -17 44;70 -18 26;34 -12 19;96 -6 7
35 -20 -1 m2 81 1 45;101 4 19;63 3 17
36 -19 -1 s 49 -3 54;39 -1 31;-32 1 7;-11 1 5
37 -18 0 m1 11 0 46;75 6 38;138 8 8;110 5 8
38 -16 0 m1 -53 9 33;42 8 25;-14 3 25;58 -2 17
39 -14 0 m1 141 3 53;166 4 32;-174 1 11;134 4 5
39 -14 0 m5 -85 6 44;-100 3 37;-148 5 7;-115 6 7
39 -15 0 m5 -62 6 50;-82 7 25;-146 6 19;-100 1 6
39 -15 0 s -78 5 59;-58 5 25
37 -21 -1 s 81 -31 82;92 -39 18
42 -20 0 m1 53 4 93;43 1 7
39 -24 -1 m2 95 -16 48;84 -2 29;62 -2 19
40 -28 -1 m3 96 0 56;120 6 31;88 0 12
39 -25 -1 m5 83 -0 29;-172 4 29;-152 4 18;99 3 12;126 3 6
39 -26 -1 m6 172 4 47;-73 5 18;101 1 12;115 1 12;-110 5 6
39 -26 -1 s 172 4 52;-166 6 22;129 2 17
39 -22 -1 m2 83 4 50;127 0 40;44 -37 10
31 -6 0 m0 -15 5 63;-30 5 33
35 -9 0 m0 -35 1 70;-4 3 15;15 7 7;-56 -13 7
39 -12 0 m7 -56 4 34;-77 6 29;-98 4 20;-31 10 17
33 -8 0 m0 3 12 32;-11 4 32;-30 3 29;-54 -15 6
37 -11 0 s -35 1 88;-93 -39 6;-142 9 6
37 -11 0 m1 -32 7 57;31 4 21;10 5 14;-98 -31 7
37 -10 0 m1 20 7 44;-100 -29 22;-8 0 22;64 9 11
38 -10 0 m1 -16 8 33;8 9 27;65 11 20;-100 -14 13;-45 11 7
39 -11 0 m6 -96 2 58;-88 -4 42
33 -9 0 m0 -31 4 30;1 9 30;-10 4 23;-50 0 13
34 -9 0 m0 -26 6 52;9 8 43
35 -9 0 m6 -96 2 46;-77 -25 38;-116 -1 15
40 -13 0 m6 -85 8 50;-116 -19 33;-111 -5 8;-46 10 8
42 -17 0 m5 -142 13 60;-127 9 40
42 -18 0 m5 -122 10 86;-143 11 14
41 -18 0 m5 -146 15 40;-121 2 30;-101 13 30
41 -19 0 m5 -98 11 69;-118 -24 23;-90 13 8
41 -19 0 m6 -119 -38 33;-85 11 27;-48 12 20;-98 9 20
41 -20 0 m6 -96 9 71;-90 8 16;-37 12 10
41 -21 0 m5 -95 9 40;-89 5 20;-140 7 20;-120 11 20
40 -21 0 m6 -76 11 71;-109 9 14;-31 0 7;-62 13 7
40 -22 -1 m6 -80 13 40;-92 5 27;-147 9 13;-178 8 13;-57 12 7
39 -23 -1 s -75 5 50;121 -2 25;145 1 17;-178 7 8
39 -23 -1 m0 10 -13 38;37 4 31;-56 7 15;-75 5 15
39 -25 -1 m6 -146 5 40;86 -5 10;126 3 10;-169 4 10;94 -3 5
36 -17 0 m0 -86 6 24;30 -1 24;-55 -1 19;-17 7 19;-29 1 14
32 -34 -2 m4 172 12 81;152 0 8;-173 6 8
26 -26 -1 m3 76 1 52;100 5 27;133 7 9;58 -2 9
26 -25 -1 m3 76 2 40;31 -9 33;65 2 17;103 2 10
26 -25 -1 s 70 -5 53;14 -3 24;66 -3 18
26 -25 -1 m0 13 2 40;27 2 40;70 -2 20
27 -25 -1 m3 81 2 33;101 4 29;114 1 14;60 -10 14;13 -11 10
27 -24 -1 m3 98 2 67;58 4 20;87 2 7;40 5 7
26 -24 -1 m3 99 3 55;80 -3 15;32 -9 9;118 1 9;58 -8 9
26 -23 -1 m3 101 -1 33;63 1 30;75 0 22;118 1 15
25 -23 -1 m3 53 2 61;43 0 13;118 1 13;75 3 9
25 -22 -1 s 40 -3 90;-7 -0 6
25 -22 -1 m3 41 -1 71;46 2 29
26 -23 -1 m7 -16 4 48;-30 17 30;1 4 13
27 -23 -1 m7 -5 8 28;9 9 21;29 2 21;-53 12 21;-31 2 10
27 -24 -1 m7 -29 14 53;-15 5 41;26 -25 6
28 -25 -1 m7 -30 10 88;-13 5 12
29 -26 -1 m7 10 -2 61;-10 4 29;-30 5 11
30 -26 -1 m0 25 -9 48;17 -15 34;100 0 10;45 -12 7
31 -26 -1 m0 31 1 76;19 1 12;-84 3 12
32 -26 -1 m1 37 1 27;109 17 27;49 0 9;-11 5 9;-28 6 9
32 -26 -1 m2 -171 6 40;164 8 30;39 2 10;152 19 10;-154 10 10
31 -25 -1 m2 121 12 29;54 3 21;24 -46 14;19 -50 14;136 6 7
37 -17 0 m7 -104 12 31;-115 12 23;-63 4 23;0 6 8;-70 9 8
38 -17 0 m1 8 3 45;54 -5 27;-12 4 14;-27 4 14
39 -16 0 m1 -15 2 53;-32 3 27;63 -4 20
40 -16 0 s -25 -2 69;-12 -2 23;67 2 5
45 -36 -1 m4 169 2 90;-160 12 10
36 -34 -1 m4 171 6 47;-166 4 26;-145 4 21;136 -1 5
30 -26 -1 m1 28 -28 77;17 -25 12;49 -12 7
32 -26 -1 s 39 -3 31;-149 16 15;174 15 12;-74 5 12;0 -1 10
29 -26 -1 m0 10 1 44;-29 5 28;-12 1 22;35 -8 6
30 -26 -1 s 11 -3 79;25 -17 19
31 -26 -1 m3 -149 6 42;-129 0 13;-169 6 13;116 5 6;150 7 6
30 -26 -1 m4 144 8 29;12 -0 19;49 -12 14;168 11 10;123 2 10
30 -26 -1 m5 18 -10 38;49 -11 19;-128 13 16;-147 23 9;-167 9 6
30 -26 -1 m3 125 6 31;16 -1 23;-144 3 15;100 9 8;23 -3 8
29 -26 -1 m3 125 1 65;138 4 26
29 -25 -1 m3 126 5 47;105 2 29;142 4 18;-159 12 6
29 -25 -1 m4 126 2 43;6 -2 21;146 11 14;102 -16 14;-138 9 7
28 -25 -1 m3 99 -0 27;125 7 24;27 -26 19;18 -11 11;80 2 8
46 -36 -2 m6 -80 2 33;-142 8 28;-108 4 22;167 8 11;-135 5 6
26 -26 -1 s 76 -2 100
27 -22 -1 m2 76 1 52;99 4 26;61 -6 19
28 -20 0 m6 50 17 40;-76 10 30;68 8 30
28 -20 -1 s 51 10 32;-83 10 28;-99 9 24;80 38 8
31 -7 0 m0 -14 5 63;-27 -1 32
39 -8 0 m7 -37 9 34;-99 5 26;-52 7 26;-72 5 11
39 -9 0 m0 -13 16 48;-36 10 32;-101 3 11;-51 7 6
40 -9 0 m0 -11 33 68;-34 13 24
41 -9 0 m0 -8 35 46;8 25 35;26 29 10
42 -9 0 m0 31 18 47;52 33 25;15 18 19;-37 4 6
44 -7 0 m0 -9 15 51;-32 12 26;2 15 16
45 -7 0 m0 -37 7 52;-53 4 28;-16 5 13
45 -7 0 m7 -40 8 50;-52 7 48
45 -8 0 m7 -51 7 63;-40 9 37
46 -8 0 m7 -53 7 79;-41 8 16
46 -9 0 m7 -53 8 75;-43 6 17;-73 16 6
47 -9 0 m7 -55 7 52;-80 6 28;-42 6 12
47 -10 0 m7 -52 6 51;-40 5 30;-73 6 12
48 -10 0 m7 -79 5 39;-56 6 37;-99 5 14;-41 4 8
48 -11 0 m7 -102 4 43;-79 6 39;-119 1 13
49 -12 0 m6 -99 2 54;-85 6 23;-131 -31 12;-138 -14 12
49 -14 0 m5 -163 2 36;-105 4 24;-142 8 24;-117 14 6;172 0 6
49 -14 0 m6 -105 4 63;-83 5 13;-148 4 7;-116 8 6
48 -17 0 m6 -109 7 80;-114 8 20
46 -23 0 m5 -149 11 50;-163 9 48
45 -23 0 m5 -144 11 68;-164 12 21;-128 14 11
45 -24 0 m5 -170 17 45;165 2 30;-147 14 20;134 -2 5
44 -24 0 m4 172 16 60;-176 19 29;151 9 9
43 -24 0 m4 167 12 76;150 9 12;-174 14 12
43 -24 0 m5 170 13 45;-170 11 40;-154 19 10;157 4 5
42 -25 -1 m4 122 6 55;101 8 21;147 3 10;83 7 7
42 -24 -1 s -1 -14 57;146 -0 19;161 0 16;0 -2 6
42 -24 -1 m3 -151 7 25;-121 5 21;-167 4 18;171 3 18
42 -24 -1 m4 -152 5 38;-166 8 22;172 8 19;-132 9 10;151 5 6
42 -25 -1 m0 132 -4 33;145 5 25;81 11 25;99 -8 17
41 -9 0 m7 -14 22 43;-30 15 29;-54 1 13;8 26 11
43 -8 0 m0 6 12 38;-108 1 31;-18 17 25;-145 1 6
44 -8 0 m0 6 10 29;-133 2 21;-145 2 21;-15 14 17;54 18 8
44 -7 0 m1 -29 6 38;-7 11 24;6 9 24;25 10 10
48 -12 0 m6 -106 5 45;-122 4 32;-61 7 16;-75 3 8
48 -12 0 m5 -142 -7 56;-128 -7 32;-108 5 12
48 -13 0 m6 -109 4 50;-113 3 50
48 -14 0 m5 -148 7 50;-164 7 29;-125 10 11;-104 1 7
46 -15 0 m6 -96 5 48;-151 -1 18;-80 5 12;-51 0 9;-132 2 9
47 -16 0 m7 -77 6 65;-57 7 23;-40 5 8
47 -17 0 m7 -80 7 67;-64 6 33
48 -17 0 m7 -101 6 64;-85 8 36
48 -20 0 m6 -124 5 83;-105 7 15
45 -22 0 m6 -118 15 23;-106 14 21;166 5 19;-148 12 15;-169 7 9
45 -23 0 m7 -150 10 43;-164 14 33;-127 11 24
46 -23 0 m6 -163 8 50;-151 7 50
45 -23 0 m6 -147 14 40;-163 10 29;-126 13 23;179 11 6
45 -24 0 m6 -172 10 100
45 -24 0 s -170 9 71;172 5 29
47 -21 0 s -141 -1 77;74 -1 16;-133 4 6
46 -22 0 s 169 1 89;-173 1 8
45 -22 0 s 167 4 59;-146 8 40
45 -22 0 m3 166 4 50;-178 6 33;127 11 17
45 -22 0 m4 168 6 53;82 2 19;-178 9 9;152 6 9;-122 23 6
44 -22 0 m5 144 14 21;-124 9 21;-102 16 17;172 4 12;-77 13 8
44 -23 0 m5 -145 12 33;-164 8 25;159 7 17;-75 30 17;-93 28 8
44 -23 0 m2 124 9 54;95 9 27;79 4 15
44 -22 0 m2 122 3 32;148 8 25;107 0 18;78 5 18;167 5 7
38 -9 0 m0 -31 9 40;-15 6 37;-57 3 13;-76 -3 10
42 -8 0 m2 38 11 60;51 51 20;76 0 20
43 -7 0 m0 3 17 54;-5 24 23;-47 18 15;25 22 8
48 -13 0 m5 -108 4 32;-126 -6 32;-137 -7 21;-166 0 12
47 -16 0 m6 -64 2 67;-74 6 33
43 -24 -1 m4 168 14 50;-167 11 42;156 1 8
43 -24 -1 m5 167 5 45;-167 10 34;155 1 14;-154 19 7
28 -24 -1 m6 -33 6 31;-57 8 23;-95 14 23;-78 10 15;18 -25 8
29 -25 -1 m6 -30 6 38;-96 14 23;-78 10 15;-52 7 8;-20 3 8
32 -24 0 m2 78 9 58;34 3 25;56 9 17
32 -23 0 m2 58 8 42;94 6 25;35 3 17;76 12 17
31 -23 1 s 12 2 72;-12 8 28
32 -22 1 m1 82 8 33;4 6 20;99 11 20;-7 14 13;57 12 13
33 -23 1 m4 146 7 38;5 4 27;24 5 11;127 14 8;169 5 8
32 -22 1 m3 145 8 50;125 12 32;104 11 9
32 -21 1 m3 125 15 40;102 14 28;141 8 21;165 2 7;84 11 5
31 -21 1 m3 82 13 45;103 13 27;123 15 18
31 -21 1 m2 103 17 48;82 16 29;122 19 16;60 17 6
31 -21 1 m1 103 18 32;78 17 26;26 13 21;18 10 11;123 18 5
31 -20 1 m2 105 16 31;120 19 31;83 21 13;32 22 13;19 20 8
31 -20 1 m3 34 23 24;98 11 18;56 23 15;80 18 15;141 27 13
30 -19 0 m3 149 28 50;106 23 14;82 16 14;160 25 14;20 4 7
33 -19 -1 m0 35 4 44;11 4 24;-12 -0 20;50 -3 13
34 -19 -1 m0 38 3 48;5 2 33;55 1 14
27 -23 -1 m0 4 4 29;31 18 29;50 0 14;-1 6 14;-52 12 14
28 -23 -1 m0 -7 2 36;1 4 20;80 2 16;53 7 16;94 3 8
27 -20 -1 m1 54 3 69;38 2 13;72 2 8;-49 4 5;-18 5 5
37 -16 0 m5 -117 15 38;-58 11 15;-77 11 15;-146 11 15;-103 15 15
39 -27 -1 m7 71 -1 25;52 0 25;-18 12 17;117 2 12;12 5 12
42 -24 -1 m5 -154 5 41;-164 6 24;155 0 18;131 1 12;-123 5 6
45 -23 0 s -168 9 56;148 12 38
41 -24 -1 m4 101 -0 26;170 8 24;-164 9 24;-147 4 12;-128 1 9
44 -24 -1 s -161 6 50;153 6 29;-157 7 14;179 6 7
41 -23 -1 m4 174 6 50;119 -3 20;-167 10 20;144 3 5;-147 5 5
40 -28 -1 m7 -12 9 50;-24 11 29;85 2 14;-57 6 7
46 -35 -2 m6 -101 5 64;-78 0 21;-53 10 7;-130 6 7
38 -13 0 m7 -99 8 29;-6 11 25;-33 10 17;-56 10 12;15 6 8
36 -13 0 m3 -3 12 67;38 17 21
36 -18 0 m2 -30 7 50;-105 11 30;81 2 20
27 -6 0 m7 -54 2 54;-39 0 46
38 -13 0 m2 -8 10 33;-65 15 25;-131 -28 17;-72 15 8;17 11 8
38 -13 0 m4 11 12 29;85 11 14;166 2 14;-123 18 11;-66 14 7
38 -13 0 m5 -125 12 56;-65 15 12;126 4 12;163 -4 6;-93 15 6
37 -13 0 m4 -3 12 52;3 12 26;-58 16 9;105 12 9
36 -16 0 m4 -100 11 35;-144 15 29;-126 12 24;-84 15 6;64 8 6
37 -36 -1 m5 169 7 31;-173 1 23;144 6 23;-153 1 15;133 0 8
36 -36 -1 m4 83 -0 44;168 4 19;146 3 18;95 1 12
36 -36 -1 s 85 -3 71;95 -0 29
36 -36 -1 m0 31 3 26;9 4 21;82 -1 21;49 1 11;-25 0 11
37 -36 -1 m0 30 4 36;55 3 32;103 4 18;80 4 9
38 -36 -1 m0 57 -0 50;13 7 14;70 0 14;112 6 7;113 6 7
39 -36 -2 m1 58 2 36;85 -1 36;99 -1 27
40 -35 -2 m1 61 5 57;77 -1 43
40 -34 -2 m1 54 1 47;71 2 40;44 0 13
45 -23 0 m0 -162 10 64;53 2 18;-127 10 9;-154 7 9
47 -19 0 m7 -101 6 62;-57 6 21;-76 7 17
48 -18 0 m3 -150 11 30;-127 11 30;-169 8 20;123 6 10;145 1 10
47 -18 0 m3 148 1 58;-171 6 32;176 7 5
47 -17 0 s -10 22 33;7 20 20;-59 17 20;39 13 13;-26 15 7
46 -17 1 s 13 15 47;34 17 28;51 14 12;-11 16 9
49 -15 0 m1 77 5 39;98 7 33;42 11 28
49 -14 0 m2 100 7 65;127 8 13;154 9 13
49 -13 0 m2 99 10 62;120 9 35
49 -12 0 m3 122 10 75;163 9 10;-142 0 10;-128 9 5
49 -12 0 m2 124 9 68;99 7 24;136 4 6
49 -11 0 m2 138 3 69;106 3 25;133 8 6
36 -8 0 m1 12 11 40;-9 8 40;-36 -2 13;34 3 7
40 -9 0 m7 -33 14 57;-57 5 12;-104 4 10;-16 9 9;-75 7 7
46 -8 0 m0 -58 7 59;-29 6 12;-72 9 12;-10 6 12;-99 10 6
49 -14 0 m7 -102 6 57;-84 7 14;166 4 9;-122 7 6;-170 5 6
49 -15 0 m7 -83 8 30;-96 6 30;-151 7 20;-61 3 15;-123 7 5
49 -15 0 m6 -104 5 70;-117 7 22
50 -15 0 m7 -79 7 44;-101 7 44;-135 10 6;-144 10 6
50 -16 0 m7 -102 7 35;-80 6 29;-119 7 18;-53 11 12;-145 10 6
50 -16 0 m6 -125 7 56;-101 6 32;-145 9 9
50 -17 0 m5 -150 9 64;-130 6 29;-159 10 7
49 -17 1 m5 -149 9 67;-123 12 33
49 -18 0 m5 -175 10 44;-129 7 38;178 9 12;-146 11 6
48 -18 0 m4 -124 10 63;-166 10 16;-106 5 11;178 9 5;-136 10 5
34 -11 0 m6 -97 -5 55;-78 2 22;-63 2 18
37 -16 0 m4 -76 8 50;-109 6 25;-123 7 8;141 14 8;112 13 8
36 -16 0 m3 56 5 27;38 3 18;-120 11 14;-75 14 14;-147 17 14
35 -16 0 m3 29 2 30;3 1 30;-52 8 20;-17 2 10;-26 1 10
43 -18 0 m5 -123 12 45;-148 8 36;-105 7 18
42 -20 0 m5 -124 6 47;-143 7 40;-103 8 7;-87 8 7
27 -20 -1 m5 -80 10 79;-62 5 16;-95 9 5
27 -20 -1 m6 -76 7 87;-61 10 13
27 -21 -1 m6 -76 8 54;-59 4 33;-40 4 9
28 -22 -1 m6 -64 5 60;-71 9 40
28 -22 -1 m7 -34 4 50;-62 6 25;-76 8 23
28 -23 -1 m7 -104 9 25;-10 2 25;-66 8 25;-129 19 10;0 0 5
35 -15 0 m6 -121 17 94;-107 24 6
42 -24 0 m1 77 6 30;12 19 30;94 1 20;49 2 10;42 2 10
46 -36 -2 m3 150 8 67;167 9 29
42 -29 -1 s 137 1 90;128 1 8
38 -34 -2 s 141 3 100
33 -35 -1 s -126 6 38;75 -1 34;-108 5 13;-147 11 13
31 -35 -1 m1 57 1 48;73 4 33;97 13 19
31 -35 -1 m4 74 -8 63;64 -5 13;145 3 8;125 11 5;98 -2 5
26 -30 -1 m5 -119 -19 36;-102 -50 29;-59 -2 21;-76 -4 14
27 -32 0 s 38 0 55;48 0 33;-5 5 9
27 -32 0 m3 39 -0 33;76 5 27;118 16 20;164 7 13;48 -2 7
26 -32 0 m3 85 8 38;125 15 38;167 4 12;148 26 6;112 30 6
26 -31 0 m3 95 28 38;78 34 29;62 32 14;31 3 10;118 34 10
26 -31 0 m4 102 22 50;114 11 10;-178 23 10;-134 22 10;-154 42 10
25 -30 0 s 58 49 70;41 41 20;115 17 10
26 -31 0 s 10 0 50;-17 -0 48
27 -32 0 m4 168 10 58;150 18 16;39 1 11;85 5 11;63 3 5
29 -27 -1 m2 102 -10 80;59 -0 17
29 -27 -1 m1 101 -7 47;33 8 34;52 5 16
30 -27 -1 m1 36 -5 67;54 -4 17;-165 15 17
37 -16 0 m1 -12 11 45;-47 9 27;-29 6 18;62 0 9
41 -18 0 m6 -104 7 50;-77 13 36;-118 -14 14
42 -19 0 s 57 2 100
44 -18 0 m0 97 0 58;60 9 17;114 1 17;-108 10 8
44 -16 0 m1 58 2 69;-18 1 23;91 4 8
45 -15 0 m1 56 6 84;155 -8 5;74 -20 5;-16 1 5
46 -14 0 m1 55 5 100
46 -14 0 m2 149 2 62;60 6 25;134 4 6;159 3 6
44 -13 0 s -127 5 100
35 -8 0 m6 -95 4 44;-84 -17 31;-116 -0 25
36 -14 2 m2 12 10 76;29 17 19
36 -14 2 s -13 9 50;10 11 27;-26 18 20
36 -14 2 m4 -6 14 37;-121 12 16;39 23 16;10 16 11;-28 21 11
35 -14 2 s -21 12 91;-26 13 9
36 -14 2 m7 -26 17 50;35 5 40;-72 15 10
37 -14 2 m7 -32 14 36;-73 11 29;-51 13 14;38 4 14;-121 22 7
34 -15 0 s -119 39 50;52 0 31;-112 38 6;-71 33 6;-27 22 6
29 -10 0 s -30 0 92;-88 10 8
30 -11 0 m7 -31 2 100
30 -12 0 m7 -31 4 100
31 -12 0 m7 -31 3 81;-15 7 19
33 -14 0 m7 -131 -21 54;-140 -19 23;18 2 8;-78 -7 8;-100 -12 8
33 -15 0 s -153 -37 72;52 3 11
33 -14 0 m3 -150 -40 70;94 -13 10;64 -8 10;80 6 10
33 -19 -1 s 17 -1 68;39 -3 22;54 -2 6
29 -19 -1 m4 -128 13 64;-146 12 27
39 -12 0 m6 -94 -7 59;-87 2 36
39 -13 0 m6 -78 4 37;-60 9 33;-99 -19 19;-118 4 11
45 -13 0 m0 -31 8 50;-18 4 36;-54 13 14
44 -17 0 m4 -165 11 64;-123 9 21;-96 10 7;179 8 7
43 -19 0 s -149 7 92;-131 12 8
39 -11 0 s -97 3 88;-84 -3 8
44 -23 0 m3 98 3 48;126 6 30;83 6 11;144 17 7
44 -23 0 s 82 4 43;129 2 33;-97 1 6;-44 30 6
44 -23 0 m0 -107 4 41;105 9 35;84 4 18;65 21 6
44 -22 0 m1 143 16 33;77 9 25;-14 8 12;120 -3 12;-52 7 8
45 -21 0 m1 82 7 68;92 6 32
46 -20 0 m2 116 11 41;141 8 24;166 11 24;111 10 12
46 -19 0 m2 100 7 60;177 10 30;88 9 10
46 -19 0 s -168 9 72;-139 8 28
46 -20 0 m6 -123 6 50;148 13 20;-136 4 20;-103 8 10
46 -20 0 s 146 10 53;-172 3 29;173 5 18
45 -19 0 m2 99 9 41;78 6 23;-166 8 18;-139 14 9
45 -19 0 s -150 4 55;-166 1 36;80 6 9
46 -37 -2 m5 119 5 40;146 3 30;163 -6 20;-141 5 10
41 -26 -1 s 97 -5 39;-96 -4 39;75 -4 20
36 -9 1 m6 -79 -37 48;-100 -32 30;-56 -4 17
36 -9 0 m6 -100 1 53;-79 -12 29;-41 5 18
35 -14 0 m7 -107 16 31;-119 14 31;-33 9 19;-17 18 6;5 18 6
38 -17 0 m6 -99 15 50;-86 9 30;-117 11 20
38 -17 0 s -73 1 69;-63 3 20;-122 5 7
41 -10 0 s -104 6 47;-55 3 32;-115 -22 20
46 -17 0 m7 -100 3 77;-79 8 15;-140 2 8
47 -18 0 m7 -23 1 55;-13 5 18;-61 4 9;11 11 9;25 11 9
48 -21 0 m5 -132 6 64;-136 4 36
47 -22 0 m6 -145 7 86;-162 6 14
42 -21 0 m4 -147 9 38;169 15 31;-163 7 23;-134 11 8
38 -7 0 m1 -6 13 100
40 -7 0 s -105 3 100
40 -7 0 m5 -79 10 50;-127 11 29;-102 9 21
40 -8 0 m6 -57 9 62;-71 6 35
40 -8 0 m7 -53 7 48;-38 8 43;-77 3 9
43 -10 0 s -117 3 88;-111 2 12
43 -9 0 s -104 2 80;-120 1 12
42 -9 0 m4 -83 6 64;-101 5 27;8 13 9
42 -9 0 m5 -126 3 76;-105 6 14;-89 5 7
41 -10 0 m5 -168 5 50;-148 9 25;-64 8 10;-98 5 10;-78 7 5
41 -10 0 m7 -54 1 25;6 28 25;-32 82 25;-9 4 17;26 14 8
48 -14 0 m0 -9 9 50;15 8 29;-30 8 7;-67 8 7;-90 5 7
49 -14 0 m0 -100 4 48;-79 10 16;-33 10 12;-63 11 12;161 7 12
49 -17 0 m6 -122 7 58;-140 6 42
49 -18 0 m6 -147 8 52;-166 10 41;176 10 7
36 -25 -1 m1 42 -42 45;54 -9 36;94 1 18
41 -22 -1 m7 -28 0 73;-60 10 18;-69 9 9
41 -23 -1 m7 -32 4 40;-10 3 36;-78 6 12;-62 12 8
34 -25 -1 m1 57 -4 79;36 -12 14;78 -31 7
34 -25 -1 m3 36 -9 35;98 -7 22;56 -4 19;78 -1 16;115 7 8
38 -9 0 m1 17 8 35;63 9 18;-30 7 18;-4 10 12;-60 1 12
38 -8 0 m1 16 9 45;-83 9 45;61 6 9
42 -10 0 m7 -30 80 46;-60 11 23;-13 5 15;56 4 15
42 -10 0 m0 32 7 40;53 22 40;18 11 20
49 -17 0 m5 -129 7 76;-142 10 24
49 -17 0 s -117 2 100
47 -20 0 m7 -124 9 65;-106 8 35
46 -24 0 s -171 7 81;173 5 19
45 -24 0 m4 -173 13 88;137 6 8
36 -9 1 m0 -53 6 42;-34 9 33;-13 15 21
37 -9 1 m5 -79 1 67;-93 -22 17;-65 1 8;-122 11 8
37 -9 1 m6 -76 -3 60;-59 -2 30;-94 -20 10
37 -11 0 m5 -146 5 50;-127 4 25;-101 -5 11;-78 -30 7
35 -11 0 s -36 -0 95;5 10 5
37 -10 0 s -46 7 60;-45 7 30;-87 -20 10
42 -6 1 m3 -32 1 16;-10 16 15;169 7 11;-60 -6 11;-73 11 8
42 -6 1 m5 -54 5 25;-78 10 23;-38 1 21;-101 5 11;-20 6 11
42 -7 1 m7 -33 1 52;122 49 20;-20 2 8
42 -7 2 m0 -37 2 58;-14 21 17;136 46 17;115 44 8
43 -7 2 m0 -33 8 47;-19 14 30;-55 7 13
44 -7 2 m0 -31 9 52;-18 17 29;-57 11 17
47 -9 2 m6 -125 9 60;-102 10 30;-25 12 10
47 -10 2 m6 -122 10 55;-13 4 18;-111 2 18;-141 34 9
47 -10 2 m5 -128 7 60;-110 6 40
46 -10 2 m5 -125 9 79;-109 15 12;168 6 6
46 -10 2 m6 -123 7 48;-102 16 28;13 9 14;-13 5 10
46 -10 2 s -126 7 74;-101 17 7;95 9 6
46 -11 2 m5 -124 9 80;-143 9 20
46 -11 2 s -127 4 88;-150 8 8
45 -11 2 s -121 5 89;-102 25 8
46 -10 2 m1 41 7 38;98 7 25;63 13 12;73 18 12;19 10 6
48 -10 2 m7 -9 19 43;-25 11 14;6 21 14;-55 41 14;-74 15 10
48 -10 2 m3 151 -2 40;-124 14 27;-155 13 20;129 6 7;162 -9 7
48 -9 2 s -83 11 90
48 -10 2 m4 -165 14 38;-146 16 31;145 26 15;-129 29 8;170 20 8
47 -10 2 m4 -143 10 40;-170 12 33;-129 10 20;151 9 7
27 -18 -1 m2 -9 1 85;2 0 15
27 -18 -1 m1 -9 1 96
27 -18 -1 s -10 -0 96
27 -18 -1 m6 -10 0 56;4 -3 28;-66 1 11;27 -7 6
27 -19 -1 m6 3 -3 39;-6 1 36;30 -26 8;-103 7 6;-78 7 6
27 -19 -1 s 3 -0 51;-7 -0 48
27 -19 -1 m7 39 -45 45;-80 8 27;3 0 27
27 -19 -1 m5 -81 7 25;-106 6 19;-117 7 19;-25 -0 12;10 -6 9
26 -20 -1 m5 36 -11 60;18 -4 20;-63 12 10;-79 14 10
26 -21 -1 m5 -73 14 44;36 -15 17;-33 1 17;-54 3 11;21 -5 6
26 -22 -1 m7 54 1 53;-3 5 20;38 2 13;1 1 7;-45 1 7
27 -22 -1 m7 -8 2 28;-63 5 28;-36 2 24;-85 7 16
29 -23 -1 m7 -35 2 51;-10 1 31;-64 -2 17
30 -24 -1 m0 -10 6 97
27 -21 -1 s 50 -0 77;-71 9 15;44 -3 8
32 -21 1 m5 -58 19 24;-74 22 20;-125 9 20;123 22 16;-101 10 12
31 -21 1 s 101 11 25;-54 23 22;35 10 14;-38 17 12;88 20 7
31 -20 1 s 31 22 63;80 -15 10;45 21 8;12 15 8
31 -19 1 s -7 4 77;6 11 21
30 -34 -1 s 55 -4 92;40 -4 6
27 -24 -1 m2 57 -26 37;80 -8 26;93 1 19;15 2 15
27 -23 -1 m2 75 3 50;57 -16 25;116 5 17;91 5 8
27 -19 -1 m1 5 1 71;-6 -0 29
27 -20 -1 s 33 -26 27;48 -16 22;-60 5 19;15 0 14;-72 5 8
32 -19 -1 s 38 -5 48;-26 1 46
30 -34 -1 m2 79 3 57;62 -8 33;101 9 10
27 -22 -1 s 52 -4 100
29 -22 -1 m7 -35 4 100
30 -23 -1 m7 -34 3 81;-8 4 19
46 -35 -2 m7 -57 5 62;-30 0 15;-70 5 15;-20 1 8
36 -10 0 m3 -75 3 50;118 5 25;163 6 17;138 6 8
35 -6 0 m0 14 7 55;-35 5 40;-22 4 5
37 -6 0 m7 -29 5 53;-74 2 33;-61 16 13
38 -7 0 m7 -78 2 50;-46 5 20;-6 -14 20;-45 5 10
39 -7 0 m7 -77 5 64;-59 6 27;-43 5 9
49 -19 0 s 167 8 100
41 -24 0 m5 -105 10 45;-117 10 36;-87 11 9;-142 6 9
41 -24 0 m4 -122 7 43;49 13 21;72 11 21;18 11 14
41 -24 -1 s 101 -8 57;-126 2 19;56 -4 10
37 -11 0 m4 -155 6 41;4 4 24;-128 7 22;-163 7 12
36 -17 0 m3 53 -1 64;-129 8 14;146 12 9
36 -16 0 m2 38 2 64;-11 6 18;51 0 18
28 -6 0 m0 -15 17 94;-29 0 6
36 -8 1 m0 -33 7 53;-18 7 32;-52 3 16
37 -9 1 m4 -76 4 50;-102 -5 29;-138 12 21
43 -8 1 m1 33 11 68;47 10 19;19 7 9
44 -8 0 m1 15 9 31;32 8 29;-124 1 20;-25 5 7;62 14 7
49 -11 0 m7 -102 5 52;-132 -1 24;-78 5 19
46 -18 0 m4 -149 3 38;-167 10 17;-125 6 10;-103 4 10;147 1 10
35 -9 0 m1 -6 8 32;10 6 32;31 -1 26;51 6 11
43 -9 1 m1 36 9 53;54 14 47
44 -8 1 m1 37 9 52;17 9 12;75 74 12
48 -11 0 m0 -107 2 70;-51 9 20;-43 7 10
43 -24 -1 s 175 3 45;141 0 32;-165 4 23
37 -37 -1 m4 102 1 75;152 4 19;124 4 6
37 -37 -1 s 98 -1 100
36 -36 -1 m3 98 1 33;139 3 33;124 2 17;88 -1 10
35 -36 -1 m4 81 -1 47;147 6 26;165 6 21
34 -35 -1 m3 78 -1 41;126 4 26;144 19 20;101 7 9
28 -21 -1 s 79 6 86;94 8 14
33 -22 1 s 11 6 71;-6 3 16;-59 10 13
33 -23 1 m6 19 5 35;25 3 22;-70 11 17;-36 16 17;-4 5 9
33 -24 1 m6 32 1 38;15 2 38;-27 16 24
33 -24 1 m2 11 5 50;69 3 22;57 3 22;175 22 6
33 -23 1 m2 7 5 36;52 4 21;29 3 21;101 9 14;-178 23 7
30 -36 -1 s 59 -4 85;-22 9 15
29 -36 -1 s 61 -2 94
29 -25 -1 m2 54 -8 54;37 -18 23;7 0 8;111 0 8;117 3 8
29 -23 -1 m2 56 -1 27;103 -2 20;71 3 13;128 4 13;4 1 7
35 -35 -1 m3 126 3 29;80 -0 25;145 5 25;165 3 17
35 -35 -1 s 80 -2 86;93 -2 14
29 -31 0 m1 53 8 80;36 -42 20
30 -31 0 s 57 0 93;30 3 7
29 -31 0 s 51 1 77;35 1 23
41 -36 -2 m3 169 1 36;119 5 36;145 -21 27
40 -35 -2 m3 121 -14 92;169 1 8
35 -36 -1 s 81 -1 100
25 -30 -1 m7 -13 6 36;37 7 27;15 4 18;-75 -49 9;-62 8 9
26 -30 -1 m7 -55 3 64;-36 0 11;-78 2 9
29 -23 -1 m0 -8 5 72;-35 2 19;-54 2 6
29 -23 -1 m1 13 4 31;37 -1 25;-55 2 25;70 5 12;-1 5 6
30 -23 -1 m0 -12 6 53;-39 -0 42;9 0 5
33 -21 -1 m0 7 -1 58;-14 1 42
38 -12 0 m7 -54 7 21;-8 6 21;-32 9 16;-96 4 16;-81 12 16
38 -7 0 m4 -150 17 55;-73 10 18;-133 7 18;-111 -2 9
38 -7 0 m5 -147 12 50;-127 4 39;-73 10 6;-110 7 6
39 -8 0 m0 -36 9 40;-49 3 25;-21 25 15;-107 4 15;-75 10 5
45 -7 0 m1 -32 5 60;-15 3 20;7 5 13;-48 0 7
47 -9 1 m7 -118 7 27;-28 19 27;-104 7 18;-79 8 18;-51 8 9
49 -12 0 s -102 0 42;-145 1 42;-127 0 12
48 -14 0 m4 -147 4 81;-166 3 14
48 -15 0 s -12 -1 56;-127 7 25;-174 11 12;5 3 6
46 -16 0 s -102 7 96
44 -20 0 m5 -169 5 44;-148 6 22;178 7 14;-67 3 6;-81 5 6
44 -20 0 s -155 4 53;-168 5 31;174 4 14
44 -21 0 m5 -172 11 32;-144 6 24;171 5 16;-71 6 12;145 1 8
48 -10 0 m6 -81 7 71;-104 5 29
44 -22 0 s 146 11 89;169 5 11
43 -22 1 s -169 6 60;167 3 40
43 -23 0 s -13 12 42;47 7 42;151 6 8;19 11 8
43 -22 0 m0 -12 14 50;-166 7 21;-29 10 14;166 7 14
42 -22 0 s 165 2 66;156 1 18;-165 -2 8
37 -9 1 m1 -73 3 50;13 7 25;24 7 17;-5 8 8
37 -8 0 m5 -153 14 36;-102 11 27;-119 -10 18;-159 13 18
37 -8 0 m4 -145 12 38;-108 1 33;-125 -3 29
36 -9 1 m4 -145 9 55;-134 10 36;-107 -19 9
44 -8 0 s -130 0 70;-110 2 13
45 -15 0 m5 -140 7 53;-125 13 35;-100 10 6;-160 17 6
45 -16 0 m6 -150 -17 45;-82 8 27;-92 13 27
45 -17 0 m6 -84 4 38;-94 9 29;-132 6 19;-55 12 14
45 -20 0 m5 -152 3 47;-166 2 21;-128 9 21;-103 11 11
45 -20 0 m6 -121 8 43;-102 9 37;-160 3 17
44 -34 -2 m5 165 -1 55;-170 1 32;-147 5 10
27 -33 -1 s 106 8 100
29 -29 0 s 127 31 33;39 1 31;49 4 21;162 40 6;140 36 5
29 -28 -1 m2 98 3 68;61 3 21;86 6 11
33 -25 -1 s 37 3 75;57 -0 25
33 -23 -1 s 51 -2 80;-106 12 15
34 -36 -1 m4 152 7 40;77 1 20;-173 4 20;171 5 10;-157 0 10
33 -35 -1 m3 128 4 64;80 -0 14;101 9 9;138 9 9
32 -34 -2 m3 144 3 50;104 1 21;170 12 14;134 -2 7;-177 13 7
31 -34 -1 m3 51 2 38;122 4 23;111 2 23;76 -1 15
31 -33 -1 m3 117 5 67;87 7 17;104 5 11;63 1 6
30 -33 -1 m3 78 9 32;128 8 28;101 8 24;61 3 16
30 -32 -1 m3 81 5 50;59 4 36;101 5 14
30 -32 -1 m1 60 -3 93;74 6 7
30 -31 -1 m1 58 1 90;72 3 10
30 -31 -1 m2 58 -1 70;76 3 17;42 1 6
31 -28 -1 s 55 6 31;149 6 25;36 1 15;107 -18 6;74 9 6
31 -28 -1 m4 144 4 63;126 4 22;104 2 8
32 -36 -1 s 72 -3 67;65 -1 17;12 3 10
28 -25 -1 m4 16 -10 80;26 -19 10;103 7 10
30 -24 -1 m1 28 -16 92;15 6 8
33 -22 -1 m2 17 3 41;-13 2 29;57 6 18;35 5 6;75 6 6
33 -21 -1 m2 6 2 50;74 7 17;97 7 11;-13 0 11;42 6 6
33 -21 -1 s -10 -0 71;2 -0 29
32 -20 -1 s -28 -4 89;-94 -4 6
32 -21 1 m2 107 18 63;118 19 37
32 -21 1 m0 -35 12 33;109 20 25;6 9 8;-2 6 8;-166 13 8
32 -21 1 m1 121 20 71;108 20 16;139 26 10
32 -20 1 m1 128 21 48;142 26 24;-152 12 16;112 19 8
32 -20 1 s -153 12 46;129 15 23;143 25 19;112 19 10
32 -20 1 m3 126 19 50;141 23 32;166 12 9
32 -18 -1 s -78 -14 40;-63 -11 31;-28 5 13;-100 14 12
32 -18 -1 m0 -38 7 43;-58 3 43;102 -50 14
32 -18 -1 m5 -36 2 60;-99 10 27;102 -49 7;-90 8 7
33 -19 -1 m2 40 -4 62;107 -1 15;46 -1 8;131 2 8;166 8 8
33 -19 -1 m1 39 0 59;46 -1 12;105 0 12;-153 4 6;-95 6 6
33 -19 0 s 43 0 73;45 -0 27
33 -18 0 s 41 -0 70;-55 3 30
32 -35 -1 s 75 -15 62;63 -1 18;8 4 9
32 -35 -1 m0 60 -7 30;72 -11 30;-80 4 20;-9 11 10;90 -1 10
30 -32 -1 m2 79 5 49;59 1 41;95 6 10
32 -29 -1 m1 58 -15 46;37 -10 21;68 1 12;-3 2 8
32 -28 -1 m4 125 7 47;150 -5 20;-11 0 13;-159 3 13;-157 3 7
37 -13 2 m1 46 25 41;153 15 18;70 35 12;41 19 12;7 10 6
39 -11 0 m0 -96 0 45;-89 -21 36;-50 9 14
43 -7 0 m3 166 6 33;151 2 33;106 17 25;-176 5 8
43 -6 1 s 165 12 50;-176 6 30;50 -5 10;-58 13 10
42 -6 1 m0 -36 11 63;-56 19 17;-18 9 14
44 -7 2 m7 -36 8 28;-103 5 28;-121 14 19;-80 10 12;-58 22 12
46 -17 0 m5 -100 7 64;-88 7 27;-116 6 9
46 -20 0 m7 -126 8 92;-105 9 8
45 -21 0 m6 -105 10 47;-121 9 33;-140 8 20
33 -13 1 m6 -86 -49 90;-96 -28 7
33 -13 0 m0 8 7 58;-6 12 16;-107 -11 10;-38 1 6;-53 -7 6
33 -11 0 m2 105 12 40;32 11 27;-57 -23 13;-19 -10 7;-45 -17 7
46 -8 0 m3 146 5 78;166 6 10;-170 16 8
45 -8 0 m3 146 9 61;164 9 18;-145 5 15;-160 3 6
45 -7 0 m3 148 9 42;170 9 34;-176 8 12;-133 2 5;-147 3 5
44 -7 0 m3 151 10 61;-170 12 12;165 5 10;128 6 8;-84 3 6
44 -7 0 m4 -146 8 25;-167 9 21;171 4 21;-128 5 18;151 6 14
43 -7 0 m4 -126 11 40;166 3 40;-142 9 20
42 -6 1 s -38 4 68;174 7 21
42 -6 1 m2 -15 15 43;-27 7 30;5 20 13;65 38 9
42 -6 1 m1 -30 10 74;-13 19 16;26 29 5;8 26 5
43 -6 1 m7 -50 26 93;-44 20 7
43 -6 0 m7 -58 20 39;-39 26 18;-82 11 15;-116 4 15;-100 15 12
46 -9 0 s -29 2 80;-59 13 17
49 -12 0 m5 -142 -3 62;-95 3 25;-119 8 12
33 -14 1 m6 -85 -49 50;-93 -51 47
33 -10 0 m3 114 12 62;104 13 38
32 -9 0 m3 -52 4 42;103 12 33;79 14 25
31 -37 -1 m4 148 7 36;123 11 36;77 0 14;165 7 14
30 -27 -1 s 56 -7 40;151 16 10;166 13 9;-86 6 8;-130 19 7
29 -24 -1 m5 26 -35 42;-33 4 33;-103 14 25
31 -23 -1 s 11 4 46;-32 1 22;-14 3 21
33 -23 1 m1 14 7 71;24 6 29
33 -23 1 m3 30 4 39;140 16 39;17 6 7
33 -22 1 m6 9 8 67;-32 7 17;-7 3 17
32 -23 1 m5 132 20 45;145 17 36;-160 14 9;174 17 9
32 -23 1 m4 145 17 27;7 3 23;125 15 14;107 8 14;-161 15 9
31 -21 1 m4 -149 13 47;78 15 21;-159 36 11;49 18 5;-79 21 5
31 -21 1 m0 3 11 33;-14 11 22;94 20 17;54 13 11;86 19 6
32 -20 1 m5 -147 16 30;123 18 25;112 18 20;-130 20 15;168 9 5
33 -22 1 m2 8 8 40;-9 8 30;84 9 10;48 6 10;-38 13 10
28 -29 -1 m1 33 6 90;46 11 10
29 -28 -1 m1 96 -2 44;-33 7 22;87 -1 11;40 8 11;52 11 6
31 -26 -1 m6 -57 9 34;-72 10 20;-100 5 14;15 -3 9;145 14 9
31 -26 -1 m5 -123 5 21;-83 10 21;175 7 21;-96 6 17;145 14 8
31 -26 0 s 62 -2 89
32 -21 -1 m6 4 2 70;-1 0 20;-26 2 10
32 -22 -1 s 6 1 81;34 8 8;-57 9 8
34 -22 -1 s -88 5 67;24 0 17;-50 1 17
34 -22 -1 m4 -165 13 40;74 1 30;169 18 10;20 1 5;-43 0 5
33 -22 -1 m6 -121 15 45;-12 1 27;-25 3 18;24 -1 9
32 -23 -1 m5 -123 12 42;-61 5 21;-79 8 16;-142 9 9;-103 9 7
30 -22 0 m1 -28 13 30;28 14 30;-12 18 30;22 15 10
30 -22 0 s -7 7 47;4 5 26;50 6 16;32 -1 11
25 -26 -1 s 32 5 91;60 -2 9
26 -22 -1 s -29 2 54;54 -2 40
26 -22 -1 m0 37 -1 50;59 3 30;8 0 20
30 -18 -1 m7 -17 1 71;-24 3 21;-75 12 8
30 -18 -1 s -24 1 53;-18 1 27;49 -40 20
34 -11 0 m5 -119 -2 50;-91 6 30;-139 -2 20
32 -15 1 m5 -122 -19 80;-105 5 10;-82 -46 10
33 -12 1 m2 101 12 85;88 10 15
44 -8 0 m7 -126 3 60;61 18 20;-27 14 10;-149 2 10
44 -8 0 m5 -125 3 52;-142 -1 24;-108 2 24
44 -8 0 m3 -126 1 50;115 9 20;92 9 20;-112 2 10
47 -18 0 s -155 0 53;-164 2 24;163 6 20
45 -15 0 s -142 1 27;177 -7 25;-168 1 17;-16 1 11;41 0 10
34 -17 -1 m1 -36 4 42;-18 2 33;-59 3 17;-75 4 8
34 -21 1 s -50 10 91;-87 12 9
33 -10 0 m5 -79 -10 65;-95 8 18;-57 4 18
30 -33 -1 m2 100 8 43;62 -2 25;80 7 23;124 6 7
30 -25 -1 m4 126 3 83;101 2 17
29 -24 -1 m4 121 8 36;105 4 27;-29 4 9;89 13 9;-165 23 9
33 -19 -1 m7 -166 2 19;-28 2 19;41 -3 19;46 -5 19;15 5 12
26 -25 -1 m7 10 -1 37;-37 8 32;-15 -1 11;54 5 11;24 8 5
32 -21 1 s 123 19 60;110 11 13;149 20 7;-130 15 7;82 10 7
39 -23 -1 m2 99 -16 80;47 -28 10;121 1 10
39 -23 -1 m3 94 -24 78;52 -15 11;137 -9 6;73 -9 6
38 -26 -1 m3 80 -14 55;136 6 18;67 1 9;-169 17 9;-148 18 9
39 -11 0 m4 -167 7 45;-104 3 36;-157 14 18
39 -11 0 m5 -96 4 93;-145 3 7
38 -11 0 m4 -154 8 30;-166 6 26;-107 7 22;179 10 9;4 4 9
32 -15 1 s -117 -77 46;-108 -45 34;29 6 8;14 1 6
32 -15 1 m1 50 -3 58;36 7 42
33 -18 -1 m0 -118 2 15;-145 2 15;-104 2 15;-57 2 15;-161 5 15
33 -18 -1 m4 -170 12 45;-74 2 36;-138 -6 9;-53 3 9
34 -18 0 s -177 7 100
36 -18 0 m5 -58 6 55;-39 3 27;-140 5 9;-110 8 9
40 -25 -1 m2 101 0 50;58 13 30;-2 15 10;-42 15 10
31 -22 1 m6 -34 25 33;-57 29 33;-18 23 25;-123 29 8
36 -18 0 m4 -143 7 55;160 7 18;-105 5 18;-133 12 9
33 -12 0 s -16 0 42;12 -3 34;-31 1 12;-70 -5 7
47 -13 0 m5 -141 -2 43;-166 1 26;-124 -1 19;-110 4 7
34 -19 -1 m7 -27 2 29;-61 2 29;-79 6 21;42 -4 14;-98 10 7
35 -20 -1 m7 -85 8 40;-16 4 20;-50 12 20;66 -5 10;-94 17 10
40 -22 -1 m7 -12 4 57;-39 10 29;-53 12 14
41 -23 -1 m0 9 6 31;-13 -0 23;-32 6 15;-84 8 15;-52 9 8
27 -21 -1 m4 52 -2 58;43 -2 42
26 -21 -1 s -57 1 67;36 -11 24;-42 1 7
29 -19 -1 m0 -11 1 58;-28 2 38
37 -30 -1 m3 129 -8 38;140 3 35;164 2 12;107 4 8;76 3 8
38 -11 0 m6 -82 -26 88;3 4 12
30 -19 -1 s -17 0 43;129 18 24;-72 7 10;-27 2 10;104 21 10
31 -22 1 m5 -93 32 50;-52 27 29;-71 30 14;-38 27 7
30 -22 1 m5 -41 23 30;-115 4 20;-51 18 20;-21 19 10;-112 3 10
30 -22 1 s 62 15 83;69 16 17
44 -21 0 m2 117 -7 39;76 13 22;172 4 17;100 1 11;-178 8 11
44 -20 0 m2 15 15 64;99 0 18;58 23 9;27 19 9
44 -19 0 m3 -142 2 86;85 0 14
44 -19 0 s 60 -2 43;75 -3 27;103 -2 16;-142 1 12
44 -18 0 m1 63 1 77;-114 10 8;78 0 8;150 10 8
45 -18 0 s -120 5 48;125 -1 32;172 1 9;104 1 6
40 -14 0 m7 -79 6 40;-100 4 40;-114 16 13;-14 -3 7
40 -14 0 m6 -103 -3 64;-70 10 18;-114 14 18
40 -15 0 m6 -82 8 29;-119 10 21;66 4 21;-102 -7 21;-66 10 7
40 -15 0 m7 -82 9 31;-56 11 31;-103 4 15;67 1 15;-26 7 8
40 -24 -1 m6 -85 9 50;-57 8 19;-100 12 19;-130 5 12
40 -25 -1 m7 -84 7 35;-57 8 30;95 -2 20;89 -4 5;-139 3 5
41 -25 -1 m7 -94 8 31;-85 10 25;-59 11 25;-173 5 12;-117 11 6
44 -16 0 m7 -98 9 56;-64 6 28;-72 10 11;-30 2 6
46 -18 0 m0 -29 5 50;-100 3 42;-64 4 8
43 -17 0 m4 -147 11 69;-163 13 31
43 -17 0 s -152 3 51;-159 4 49
27 -22 -1 m6 -74 8 70;-38 4 20;-63 9 10
38 -13 0 s 4 3 50;-86 4 29;-7 4 7;65 13 7;158 19 7
38 -15 2 m0 -102 10 51;-75 11 20;-66 15 16;-10 12 11
38 -15 2 s -103 7 51;16 10 25;27 14 8;-31 18 7
38 -15 2 m1 -29 19 50;55 15 31;-109 10 19
40 -15 1 m0 -17 6 40;6 14 30;35 8 20;-41 7 10
42 -18 0 s -45 2 98
38 -36 -2 m1 59 0 40;85 -1 27;146 2 13;36 2 13;129 2 7
39 -37 -1 s 109 -0 34;78 -1 28;115 -3 27;139 5 9
40 -37 -1 s 73 5 77;108 -1 12;118 1 11
41 -37 -1 m2 81 6 40;131 3 30;94 6 20;149 2 10
36 -37 -1 s 96 -0 100
36 -36 -1 m2 96 -0 86;122 2 14
32 -34 -1 m3 148 6 38;122 6 38;165 10 12;-170 10 6;82 -1 6
30 -32 -1 s 57 -1 84;71 -3 8;96 9 8
30 -28 -1 m1 34 5 32;55 7 26;-35 1 10;14 8 8;127 4 6
31 -28 -1 m2 117 2 27;78 10 27;64 14 20;139 2 20;112 0 7
31 -28 -1 m7 -17 6 45;-27 4 24;62 2 20;111 -1 8
30 -28 -1 m0 9 -5 35;-12 4 18;61 -2 12;-24 4 12;31 -1 9
30 -28 -1 m6 -30 6 52;57 -2 28;73 -2 5;-18 10 5;26 -25 5
31 -28 -1 m6 -25 5 25;110 -16 19;116 -21 19;8 19 19;-15 8 19
28 -26 -1 m4 93 -2 75;88 -2 17;163 12 8
28 -26 -1 m5 94 -1 40;-121 9 33;-102 15 27
34 -35 -1 s 74 -1 70;116 4 30
28 -33 -1 s 129 0 98
30 -5 0 s -24 0 97
32 -6 0 m0 -9 4 55;2 15 45
33 -6 0 m0 -6 13 73;4 8 27
36 -5 1 s -63 0 59;-74 2 41
45 -7 0 s -127 0 38;-20 4 29;-138 1 24;-37 4 5
44 -7 0 s -85 2 59;-106 2 32;-133 1 9
49 -14 0 s -103 0 91
39 -10 0 s -97 3 85
29 -27 -1 s 19 -3 59;24 -2 30;101 -10 11
27 -25 -1 m6 -106 11 60;-84 9 20;-65 12 10;18 -14 5;-42 7 5
32 -20 1 m4 112 19 42;144 7 25;-153 20 25;130 10 8
29 -27 -1 m4 105 -19 38;28 -2 23;165 13 15;119 -10 8;45 -2 8
32 -20 1 m2 99 0 40;141 26 20;-155 13 10;113 9 10;-122 20 10
38 -15 2 m4 -106 8 38;-118 13 23;-168 16 15;166 19 8;-71 11 8
31 -11 0 m1 10 6 43;-10 3 36;-30 2 21
32 -11 0 s -2 4 94;0 5 6
35 -19 -1 s -175 -5 58;168 4 21;91 12 12
38 -13 0 m6 -100 6 42;-56 11 17;-83 14 17;-121 16 17;-43 13 8
38 -13 1 s -73 8 69;128 29 15;-66 8 8;164 26 8
39 -13 0 m4 -129 12 23;-164 15 23;164 -10 15;78 16 12;120 13 8
33 -15 1 s 42 19 66;45 21 34
34 -24 1 m3 61 4 67;127 11 17;-140 18 8;88 7 8
35 -23 1 m1 98 14 100
35 -22 1 m5 -138 7 50;-160 7 50
35 -23 1 m5 -160 7 64;-139 7 36
35 -23 1 s -126 6 96
34 -24 -1 s 34 -3 65;45 -3 23;-148 4 9
34 -24 -1 m5 -118 12 57;-108 10 38
34 -25 -1 m5 148 -2 62;127 -2 12;94 -3 12;176 10 6;81 -3 6
33 -25 -1 m5 145 11 36;-124 12 18;-81 10 18;128 5 9;-176 1 9
33 -26 -1 s 114 -1 100
32 -23 1 m6 14 3 46;-55 10 46;-41 17 8
30 -20 0 s 17 -0 100
28 -24 -1 m5 20 -19 27;28 -11 18;-172 3 18;-104 16 18;119 6 9
39 -13 0 m5 -131 12 85;164 5 15
41 -15 0 m7 -79 7 44;-100 5 28;-54 12 22;-32 9 6
41 -15 0 m0 -37 4 72;-99 2 10;-20 7 7
40 -14 1 m7 -15 19 44;-28 15 31;-109 12 19;0 24 6
42 -15 0 m0 -38 5 85;-48 8 15
44 -16 0 s 48 1 53;-77 4 26;-158 0 9;-138 -27 5
39 -24 -1 m6 -125 6 23;84 -1 23;-76 10 23;-93 8 15;96 -27 8
39 -24 -1 m5 -127 5 59;87 -2 12;94 -24 6;-138 5 6;-83 6 6
39 -24 -1 s 20 9 40;-129 4 28;81 -3 20
42 -35 -2 m2 103 5 87;149 -21 7;75 2 7
42 -34 -2 m2 101 -11 95
27 -24 -1 m6 -104 11 62;28 -5 24;-114 12 10
33 -25 -1 m0 54 0 52;30 -12 48
31 -36 -1 m5 82 1 54;176 8 23;-70 13 15;135 4 8
34 -22 -1 m7 63 2 50;35 4 25;80 1 17;17 2 8
35 -22 -1 m5 -128 7 71;93 2 14;-140 10 14
40 -15 0 m0 -26 4 70;35 8 20;87 2 10
29 -34 -1 m1 60 -15 90;72 5 5;5 1 5
29 -34 -1 m0 5 -25 62;42 -1 19;49 -2 19
30 -34 -1 m0 50 -3 70;78 -19 20;44 1 10
30 -34 -1 m1 60 1 93;79 -25 7
32 -28 -1 m1 57 -36 50;-36 2 17;30 -4 12;-56 2 12
32 -28 -1 s -30 2 46;56 -32 13;-18 2 12;-54 1 10
31 -29 -1 m6 14 6 47;120 -2 20;-9 1 13;52 5 13;38 -2 7
33 -28 -1 m2 72 -4 69;56 -3 25;42 -8 6
33 -27 -1 m2 69 -12 65;36 -34 30
37 -18 0 s 73 -5 70;30 1 19;123 5 5
37 -18 0 m5 -122 11 55;-99 -9 27;145 5 18
37 -19 0 s 78 -18 70;92 -9 20;137 4 10
37 -18 0 m2 75 -11 20;6 2 20;105 -1 20;147 4 20;129 4 10
38 -16 0 s -19 1 100
30 -34 -1 m5 57 -1 36;-106 11 27;173 4 18;-176 5 9;-156 5 9
30 -27 -1 m7 57 -6 30;-146 16 30;-25 8 20;-18 6 10;-164 19 10
31 -36 -1 m7 -17 3 43;-31 13 27;10 8 14;27 7 8;62 -4 5
32 -36 -1 m0 71 -7 27;30 8 23;13 4 18;-11 2 14;60 1 14
32 -37 -1 m0 -8 2 60;5 -1 20;-27 6 7;35 0 7;51 2 7
34 -38 -1 m4 151 3 39;79 0 28;122 6 22;104 8 11
28 -28 -1 m4 -155 5 40;98 3 30;-134 2 20;122 17 10
37 -37 -1 m0 58 1 71;95 -0 14;75 0 14
34 -25 -1 m0 60 -2 62;32 -10 25;69 -3 12
34 -25 -1 s 54 -4 70;36 -6 25
38 -14 2 s -95 4 95;-49 13 5
38 -15 2 m7 -16 14 55;-101 7 45
40 -15 0 s 60 12 90;72 1 9
34 -9 0 m5 -104 7 73;-126 5 27
31 -11 0 s -27 3 100
37 -7 0 m2 35 -1 41;72 6 35;61 7 24
38 -5 0 m2 70 6 42;30 15 33;14 10 17;61 3 8
38 -4 0 m1 10 10 40;-10 12 27;-30 13 13;-96 8 13;-48 12 7
39 -4 0 m0 -29 10 46;-75 8 31;-12 9 15;-46 13 8
39 -4 0 m7 -83 2 74;-102 2 26
39 -4 0 m6 -94 0 60;-87 0 40
39 -5 0 m6 -97 1 94;-86 4 6
39 -6 0 m6 -84 5 68;-54 7 21;-95 7 11
47 -8 0 m0 -57 11 50;-14 13 20;-33 17 20;-77 0 10
45 -20 0 m1 100 6 42;80 10 33;163 10 17;149 10 8
45 -20 0 s -165 1 95
45 -19 0 m4 -150 5 80;-160 5 20
44 -21 0 s 173 3 65;-175 10 21;134 2 7
40 -35 -2 m2 103 8 56;75 -2 38;124 -25 6
34 -25 -1 m7 35 -7 36;59 -2 21;71 -4 21;12 -1 11;-34 4 7
38 -27 -1 s 91 -6 82;89 -3 18
41 -23 -1 s 123 -4 100
43 -37 -1 m4 178 13 50;152 15 40;98 -2 10
41 -28 -1 m1 100 2 46;114 1 15;55 -1 15;81 5 8;-35 16 8
42 -29 -1 m4 128 3 50;137 1 17;166 7 17;102 4 8;-166 9 8
37 -6 0 m2 51 -1 36;70 6 36;36 -2 27
39 -7 0 m6 -81 6 80;-92 6 10;-63 8 10
49 -11 0 m3 146 -2 57;125 10 29;-143 3 7;164 6 7
49 -11 0 s -142 2 100
47 -13 0 s -166 -1 79;175 -0 21
46 -13 0 s 164 0 63;-172 -1 18;154 1 16
36 -6 0 m7 -60 1 65;-18 -7 17;-72 1 17
37 -7 0 m7 -62 0 35;-12 -13 35;-73 0 30
36 -8 0 m5 -103 8 47;-125 12 21;-86 5 16;-147 13 11;-67 15 5
40 -4 0 s -104 7 100
32 -34 -1 s 60 -63 50;143 3 25;39 -84 17;111 6 8
32 -35 -1 m5 -100 8 30;143 3 20;108 0 20;-133 85 10;-174 5 10
36 -19 0 m5 -179 5 33;-39 3 25;-100 -4 25;54 -4 17
43 -28 -1 s 169 4 100
37 -30 -1 s 120 -8 39;103 -7 32;146 1 18
37 -30 0 s 80 -0 96
37 -30 -1 m2 144 -2 25;125 -7 25;171 3 19;-146 4 12;-169 0 12
37 -30 -1 m6 127 -3 47;143 -4 42;-175 1 11
37 -26 -1 m1 35 -1 64;47 -2 36
37 -32 -1 m0 7 5 36;101 -2 36;124 0 27
37 -30 -1 m4 126 0 45;170 4 27;156 0 18;-133 0 9
37 -29 -1 s 104 -4 100
32 -29 -1 m6 12 1 62;32 2 24;-6 2 7
32 -29 -1 s 34 -2 90;55 -2 6
36 -23 -1 m2 107 2 50;58 4 50
46 -7 1 s -94 2 93;-137 8 7
45 -7 0 m4 -147 5 60;-164 7 20;-132 3 20
48 -10 0 s -118 2 79;-111 3 10;-80 1 7
48 -14 0 s -143 0 56;-162 2 31;-128 5 13
48 -17 0 s -108 2 92
35 -7 0 m6 -96 2 42;-73 -36 21;-63 0 21;-116 -0 16
47 -7 1 s -96 2 97
42 -17 0 m6 -111 6 55;-116 8 45
41 -21 0 m6 -83 14 58;-100 13 42
41 -24 0 m6 -105 8 33;-123 4 33;-78 9 13;-141 6 13;18 7 7
41 -27 -1 m5 -80 9 56;-117 9 18;-100 8 15;-64 9 12
41 -25 -1 m5 123 -0 42;102 0 25;-104 8 17;-122 17 8;-84 11 8
40 -28 0 s 126 8 62;64 10 15;78 18 8;103 18 8;135 1 8
40 -26 -1 s -55 1 71;-45 -3 7;-73 7 5;-131 2 5
31 -29 -2 m4 169 12 30;41 -3 30;98 2 20;61 -2 10;147 11 10
32 -29 -1 m3 102 3 26;124 2 21;29 -1 16;71 0 16;146 8 11
28 -27 -1 m4 164 13 50;21 -2 10;92 -2 10;89 -3 10;-134 6 10
34 -25 -1 m4 146 -1 39;80 -3 17;105 -0 17;121 -2 11;-172 0 11
34 -26 -1 s 145 -1 100
32 -29 -1 m2 103 2 30;14 0 19;77 -1 16;-24 0 11;56 -5 11
35 -25 -1 s 71 -5 78;63 -4 22
49 -14 0 m4 -168 3 44;173 6 21;-149 4 15;146 8 10;121 9 5
41 -31 -1 s -151 -3 100
32 -28 -1 m3 132 9 45;141 6 27;162 5 18;-33 -3 9
32 -26 -1 m3 169 9 39;-165 6 25;-147 6 18;52 -3 7;154 16 7
33 -24 1 m0 -58 16 33;7 9 28;-21 15 17;-27 15 11;-73 14 11
33 -7 0 s -57 22 71;-39 17 25
34 -16 0 s -93 8 52;-83 7 24;48 3 10
35 -19 0 s -176 5 72;178 5 22;-150 6 6
35 -19 0 m4 -165 5 60;-121 18 20;-103 22 10;-90 21 10
37 -3 0 s -74 3 92;-61 4 8
37 -3 0 m0 -81 1 38;-58 3 31;-36 8 19;-14 7 12
38 -3 0 m0 -102 1 38;-46 5 31;-84 1 31
39 -5 0 s -96 1 100
43 -8 2 m5 -123 9 26;-144 10 26;-108 6 24;172 11 15;-165 14 6
43 -8 2 m4 165 15 37;-130 6 21;-146 5 18;-170 15 13;123 19 11
43 -8 2 s -108 5 55;-124 5 38
43 -9 2 m6 -104 5 82;-114 0 6;-160 16 6;146 18 6
43 -9 2 m7 -106 2 50;-115 -0 25;-26 26 17;6 28 8
43 -9 2 s -108 5 77;-117 6 22
43 -9 2 m0 -16 28 38;-106 6 29;20 11 19;-30 36 10
43 -9 2 m4 -110 5 35;168 9 19;-147 11 15;-166 10 15;155 16 8
42 -9 2 m3 144 12 23;126 21 23;107 26 23;59 19 15;87 7 8
42 -8 2 m3 145 15 42;165 17 29;-171 15 19;-126 13 6
41 -8 2 m4 -108 12 24;-122 9 24;163 15 18;-146 12 18;-160 22 9
39 -7 0 m4 -150 16 60;-111 -2 20;-165 22 20
38 -12 0 s -95 5 87;-165 5 10
40 -13 0 s -88 8 56;-103 8 28;-123 11 11;-139 13 6
36 -20 -1 s 162 3 100
36 -21 -1 m5 -131 8 82;166 12 12;156 7 6
35 -26 -1 s 144 -2 100
31 -37 -1 s 41 4 73;76 -2 27
30 -25 -1 s 118 3 58;103 3 42
29 -33 -1 s 58 -1 61;-11 -8 20;16 -3 16
29 -33 -1 m1 60 -24 50;-10 1 30;36 -10 10;13 -11 10
30 -31 -1 s 61 -2 100
31 -18 -1 m1 -29 4 73;-20 1 27
47 -18 0 m4 148 0 40;-170 5 40;167 2 20
49 -13 0 m1 120 10 64;96 8 36
47 -12 0 s -142 -12 73;-133 -41 27
40 -23 -1 m4 -145 8 38;-165 8 33;-126 12 12;-101 11 8
48 -13 0 s -178 0 100
41 -7 2 s -151 2 36;-99 17 29;-159 9 21;-18 22 11
41 -8 2 m0 -104 6 49;-30 9 30;-58 10 14
41 -8 2 s -102 6 94
41 -8 2 m3 149 20 47;-146 14 18;-128 13 18;164 20 18
41 -7 2 m3 -150 12 50;178 25 17;72 20 8;57 20 8;39 20 8
41 -8 2 m5 -108 6 50;-120 11 38;-142 9 9
44 -7 2 m1 -51 7 42;81 -2 17;105 -1 17;46 15 8;29 27 8
43 -9 2 m5 -144 8 26;-104 6 26;-114 -18 13;142 18 13;-169 16 13
27 -10 0 m3 25 -2 60;-78 4 30;2 -2 10
26 -9 0 s 3 -3 88;-6 3 9
26 -9 0 m6 -9 1 44;-104 9 25;4 -5 19;-83 9 12
26 -8 0 s 2 -0 62;-4 -2 38
26 -7 0 s -16 0 100
31 -39 -1 s 78 2 86;100 27 8;119 6 6
31 -38 -1 m3 104 7 37;120 6 33;84 -0 19;143 4 11
31 -38 -1 s 83 0 56;99 0 24;116 5 5
31 -38 -1 m1 78 10 29;17 15 24;120 4 18;58 6 12;-15 18 12
31 -38 -1 m2 101 6 33;82 5 28;124 5 26
31 -38 -1 m4 99 4 56;122 4 22;81 2 22
42 -38 -1 m0 38 7 47;81 2 18;-3 8 12;54 9 12;-159 -2 6
43 -38 -1 m0 38 6 53;50 5 35;127 6 6;89 1 6
44 -38 -1 m0 39 6 43;56 3 36;5 3 7;-28 7 7;80 5 7
45 -38 -1 m7 -28 7 45;-11 7 27;80 5 18;22 8 9
46 -38 -2 m1 76 2 40;146 -5 30;124 -4 20;92 2 10
46 -37 -2 m2 161 -2 41;148 0 30;126 0 22
46 -37 -2 s 147 -0 83;162 -1 16
46 -36 -2 m2 100 1 33;159 4 33;127 2 17;137 3 17
32 -38 -1 m1 60 2 40;35 6 27;73 8 20;92 0 7;8 18 7
32 -38 -1 m0 31 2 23;80 -3 19;60 4 19;98 -0 12;126 10 8
32 -38 -1 s 76 -3 45;119 4 34;102 4 17
28 -36 -1 s 56 -37 67;-33 0 29
42 -38 -1 m1 79 5 36;62 7 21;28 6 14;94 8 14;-54 -6 7
42 -38 -1 m2 54 8 35;95 -0 26;38 9 13;79 4 13;119 1 9
46 -38 -2 m2 160 -1 71;95 2 14;134 -9 7;138 -5 7
42 -36 -2 m2 99 8 57;150 -13 19;73 2 19
42 -36 -2 s 173 -19 100
45 -33 -2 s -165 -1 55;-139 0 18;171 0 17;-108 5 10
45 -33 -2 m6 -149 8 39;-124 4 22;-109 7 17;-162 4 17;-67 1 6
44 -34 -2 m6 168 -1 65;156 2 18;-171 0 12;-144 8 6
32 -38 -1 m6 -58 17 43;-44 8 21;-10 16 14;166 -4 7;157 -4 7
30 -35 -1 s 63 -2 64;69 -4 36
30 -36 -1 m0 -14 2 81;69 -11 15
31 -35 -1 m7 72 -7 70;65 -12 22;98 -10 9
31 -35 -1 m5 -84 8 40;86 -1 30;-118 9 10;167 25 10;94 -14 10
31 -35 -1 m0 72 -8 100
41 -38 -1 m3 127 3 70;106 0 30
41 -37 -1 m3 124 3 46;106 6 46;85 5 8
40 -36 -1 s 125 -0 100
44 -33 -2 s -167 -2 62;170 1 29;-147 -2 9
41 -32 -2 m3 150 4 70;133 5 10;171 2 10;-167 1 10
42 -37 -1 m3 103 4 100
42 -37 -1 m2 102 6 58;84 7 21;128 2 16;164 -14 5
44 -34 -2 s 170 -1 74;156 2 14;-174 4 12
40 -24 -1 m4 -130 13 43;91 -5 29;-169 8 21;-146 8 7
48 -16 0 m1 62 9 45;74 7 27;178 0 18;136 8 9
32 -37 -1 m2 118 5 44;64 0 31;75 7 19;20 1 6
29 -26 -1 m2 104 -12 40;81 -3 30;127 12 20;164 16 10
42 -39 -1 m2 85 6 55;97 -0 45
37 -32 -1 s 102 -1 82;119 1 18
30 -35 -1 m7 -20 8 41;67 -5 24;16 -4 12;-37 10 12;68 -4 6
31 -34 -1 s 72 -5 62;66 -4 35
27 -31 -1 m6 -54 5 82;-78 -3 9;-45 1 9
26 -31 -1 m6 -54 5 86;-71 9 7
27 -32 -1 m7 -52 6 58;-41 4 24;109 11 14
27 -33 -1 m7 -38 1 50;-50 3 39;-18 8 11
28 -33 -1 m7 -55 6 38;-13 -1 33;-38 4 21;-70 11 8
28 -34 -1 m6 -82 9 36;7 -10 25;-101 7 25;53 -14 11
28 -34 -1 m7 -16 5 24;-56 4 24;4 -4 20;-77 9 16;-36 -22 12
29 -34 -1 m7 -13 7 53;8 -14 33;30 -14 13
28 -34 -1 m5 -103 8 37;52 -14 26;-89 4 26;74 -4 11
28 -34 -1 s 52 -17 42;9 -6 33;31 -9 17;-79 16 8
25 -29 -1 s -32 8 53;-49 1 42
25 -29 -1 m7 -30 15 63;-17 11 30;-54 14 7
31 -38 -1 m0 94 3 33;59 4 20;84 3 13;-18 19 13;-36 20 13
32 -39 -1 m0 78 -0 24;-10 -1 20;-26 -1 20;97 0 16;122 22 16
32 -39 -1 s 74 -2 77;124 11 9;101 4 7
32 -39 -1 m4 75 1 64;124 3 27;103 14 9
32 -39 -1 m7 -33 11 43;-51 19 20;-14 15 17;71 0 7;104 24 7
33 -39 -1 m7 -13 4 42;-26 5 37;29 13 11;119 -2 5;4 18 5
26 -31 -1 m7 -54 3 80;-45 6 13;8 10 7
46 -38 -2 m5 148 -4 38;-164 5 25;166 3 17;118 3 12;-157 5 8
45 -38 -1 s 112 -3 87;140 -1 9
44 -7 2 m2 118 21 35;153 27 12;111 16 12;-166 44 12;-147 45 12
44 -6 2 s -80 24 52;-119 29 32;-102 22 9
45 -7 2 s 174 33 67;-148 25 20;-170 23 10
47 -9 2 s -16 5 50;-107 6 40;142 16 10
47 -9 2 m3 148 14 77;125 5 13;172 10 10
46 -8 2 m3 151 14 59;164 9 34
45 -8 2 m3 167 12 53;151 16 47
43 -8 2 m3 81 17 33;120 15 17;167 13 17;-174 12 17;90 18 6
42 -8 2 m4 162 13 28;142 15 20;-149 11 20;-167 11 12;-125 13 8
42 -7 2 m3 -17 11 38;58 33 27;129 52 12;73 31 12
42 -7 2 s -97 24 27;-18 8 23;51 26 14;-26 19 10;121 47 10
51 -14 0 s 171 1 83;-164 4 14
50 -14 0 m5 -171 10 50;-147 23 30;138 23 10;-135 22 10
48 -11 0 m3 128 9 81;144 -2 8;-166 7 8
48 -10 0 m2 131 8 50;143 -1 50
48 -10 0 m3 140 5 58;133 7 27;163 5 8;-154 6 8
47 -9 0 m3 143 5 82;126 9 13;-147 14 5
46 -9 0 m3 143 8 80;128 9 20
40 -15 0 m1 72 1 42;96 5 33;67 2 25
40 -14 0 m3 147 -1 38;168 18 23;-17 -9 15;-117 4 15;-173 17 8
45 -12 0 m5 -127 7 67;-172 9 17;-146 10 8;177 8 8
42 -14 0 m5 -162 5 100
45 -8 2 s -50 26 58;158 19 17;-155 13 17;-99 16 8
46 -10 2 m4 -128 4 90;142 5 10
34 -2 0 m7 -29 3 43;-71 3 21;-20 6 21;-58 3 14
36 -3 0 m0 -33 6 67;-7 7 33
38 -5 0 m6 -105 9 45;-55 7 27;-88 11 18;-113 8 9
33 -26 -1 m6 -126 13 42;-78 3 25;-149 13 25;-107 14 8
32 -26 -1 m4 -143 8 27;169 13 27;-171 8 18;-59 4 9;157 15 9
32 -26 -1 m7 -129 -2 43;-152 5 29;-162 7 14;-50 1 7;-83 4 7
43 -8 0 m4 -107 2 69;-124 4 23;-139 -10 8
43 -8 0 s -109 2 98
43 -8 0 m7 -110 2 64;-139 -0 21;-42 21 7;24 20 7
43 -8 1 s -109 3 82;-114 3 18
44 -8 1 s -122 1 100
44 -8 0 m6 59 19 28;-140 -2 28;71 18 22;41 33 11;14 14 6
43 -8 0 m3 -109 1 30;-119 4 20;-136 6 20;93 9 10;176 14 10
46 -9 2 m3 145 7 94;124 7 6
45 -8 2 m4 -165 9 55;171 12 34;-152 8 10
44 -8 2 m4 -146 11 38;-122 9 24;-160 10 18;163 20 9;125 15 6
43 -7 2 m3 98 23 50;124 33 23;139 30 14
42 -7 1 m3 50 31 36;-26 3 21;122 46 14;37 25 14;112 52 7
43 -7 0 m7 -53 23 42;-118 3 25;-39 26 17;-78 20 8;-110 3 8
44 -7 0 m6 -131 0 73;-138 -2 13;-55 26 7;-40 27 7
28 -12 0 m7 -37 7 85;-56 9 15
29 -13 0 m7 -35 7 92;-15 11 8
39 -9 0 s -98 2 100
47 -10 0 m6 -39 13 40;-128 1 40;-63 12 10;167 29 10
42 -8 0 m5 -122 4 100
45 -13 0 s -140 9 100
33 -39 -1 m0 -13 -1 63;178 51 14;-173 37 11
34 -40 0 m0 7 18 39;-10 9 36;54 9 14;34 28 11
35 -39 0 m1 123 26 29;147 40 19;35 34 14;-162 52 10;170 50 10
35 -39 0 m2 -121 59 27;-102 61 27;140 20 20;-144 55 13;169 34 7
35 -39 0 s 147 32 27;-118 51 25;-87 67 14;175 30 12;-149 45 8
35 -39 0 m4 164 26 90;154 15 10
34 -38 0 m3 97 10 45;140 21 18;87 4 18;64 10 9;124 12 9
33 -37 0 m3 108 11 60;120 16 40
32 -36 0 m3 78 10 64;115 14 18;96 12 18
32 -36 0 s 12 6 60;32 6 31;52 9 6
32 -35 0 s 65 -0 77;68 -0 23
27 -28 -1 m5 -125 9 83;-154 5 8;-106 14 8
34 -39 0 m0 75 3 44;14 5 28;-15 6 22;90 5 6
34 -39 0 m7 -15 3 45;-35 8 45;-51 7 9
35 -38 0 s -121 37 69;154 16 12;80 16 12;-172 21 6
34 -39 0 m4 122 13 26;101 16 22;165 51 22;83 15 17;146 15 13
34 -39 0 s 106 6 32;124 9 29;172 55 24;143 37 6
33 -38 0 m2 33 8 50;79 10 33;54 11 17
44 -32 -2 m4 166 7 70;132 20 20;-163 -3 10
43 -32 -2 m4 165 7 45;151 6 27;128 8 18;108 3 9
45 -14 0 s 142 -0 46;126 1 38
47 -13 0 m1 58 7 80;68 7 20
48 -11 0 m2 125 6 54;139 6 31;75 8 8;108 10 8
42 -39 -1 s 95 2 64;84 -4 30;131 13 7
41 -36 -2 m2 79 5 57;119 5 21;92 7 21
41 -35 -2 m2 76 1 57;118 5 43
44 -16 0 m4 -142 -8 45;-166 13 45;50 2 9
38 -10 0 m5 -132 6 60;-146 2 40
28 -23 -1 m6 -99 11 44;-63 7 44;-114 12 6;-86 12 6
28 -23 -1 m5 -104 11 64;-116 12 36
27 -25 -1 m5 -100 11 54;-87 12 38;-114 18 8
27 -26 -1 m7 -76 8 40;-39 11 30;13 6 10;74 3 10;-55 8 10
27 -27 -1 m6 -98 11 75;-58 13 12;-84 11 8
27 -28 -1 m6 -117 12 52;-104 13 41;-86 -1 7
40 -26 -1 m6 -60 7 55;-75 9 18;-124 5 9;103 6 9;174 10 9
43 -8 0 m5 -127 3 78;-138 -2 22
40 -10 0 m4 -173 5 79;-156 13 21
39 -10 0 m4 -172 7 67;-154 6 33
30 -3 0 m5 -144 7 50;-125 3 50
42 -8 2 m6 -55 32 25;-93 22 25;-170 15 25;-43 17 8;-87 44 8
42 -8 2 m7 -81 12 35;-38 23 26;-57 16 22;-95 28 9
35 -6 0 m6 -102 4 40;-115 0 33;-79 0 20;-65 0 7
35 -6 0 m5 -117 -0 60;-103 1 40
26 -29 -1 s -14 1 93
44 -32 -2 m0 -29 9 42;11 12 33;-18 8 17;-176 2 8
32 -28 -1 m2 -13 5 33;-25 -2 20;105 2 20;84 0 7;114 1 7
30 -28 -1 m7 -29 6 45;-15 4 45;58 -1 7
43 -8 2 m0 11 19 45;40 19 36;-36 5 9;65 20 9
47 -10 0 m3 139 8 50;132 8 20;-149 6 20;166 26 10
40 -7 2 m4 -172 21 67;167 14 33
32 -28 -1 m7 -30 -3 100
30 -37 -1 m3 144 7 56;133 10 44
27 -31 0 s -12 5 46;40 -0 19;169 44 13;-25 6 11;150 54 6
49 -10 1 s 144 -40 100
41 -39 -1 s 92 0 75;117 2 25
45 -32 -2 s -172 -1 100
44 -32 -2 s -155 -6 88;-162 -4 12
29 -30 -1 s 58 3 47;82 5 22;98 3 9;128 9 9;36 5 6
42 -9 2 m5 -124 5 45;-101 8 45;-80 10 9
42 -9 2 m4 -130 6 30;174 13 30;-103 13 30;147 16 10
42 -9 2 m6 -98 9 32;-84 7 29;-174 17 21;-119 5 11;177 19 7
46 -14 0 s 166 0 47;-128 49 40;156 1 7;-137 27 7
46 -11 1 s -129 3 64;-140 3 36
42 -31 -1 m6 -168 -1 83;-75 12 8;-58 11 8
41 -14 0 s -95 4 92;-90 3 6
37 -3 0 m7 -58 5 87;-44 7 13
38 -3 0 s -106 1 56;-87 1 44
40 -5 0 s -119 0 100
41 -8 2 m1 -29 16 36;-97 8 32;-12 10 23
42 -8 2 m0 -35 15 33;-15 22 33;-104 6 13;-116 9 7;-145 9 7
41 -8 2 m2 -93 5 36;-4 10 36;-27 19 14;-76 9 7;150 26 7
42 -9 2 m7 -83 10 60;-106 10 40
42 -10 2 s -104 6 84;-115 5 10
43 -10 2 s -110 5 61;-116 8 29
43 -10 2 m7 -110 7 71;34 9 14;-117 4 10
43 -10 2 m3 -118 4 60;118 9 20;71 5 7;65 6 7;146 23 7
42 -9 2 m2 104 24 20;126 20 20;47 8 13;38 21 13;147 19 13
42 -9 2 m1 34 23 45;98 9 18;152 10 18;159 10 9;134 24 9
28 -35 -1 m6 -54 12 33;-34 10 21;-83 6 18;-16 6 15;4 5 12
29 -36 -1 m0 52 3 60;38 4 25;-15 4 15
32 -37 -1 m1 9 6 55;32 3 9;69 4 9;-7 13 9;50 12 9
41 -38 -1 m4 125 5 41;148 1 18;103 2 18;81 1 14;168 2 9
41 -38 -1 m5 127 5 45;96 3 27;87 3 9;151 4 9;175 2 9
40 -38 -1 m4 149 1 45;159 2 30;126 4 25
39 -38 -1 m4 147 2 36;171 2 36;121 0 27
39 -38 -1 s 117 -2 53;77 -1 29;108 -2 18
38 -37 -1 m3 107 -0 50;142 1 29;123 4 21
38 -37 -1 m2 106 1 82;136 1 9;114 4 9
35 -37 -1 m4 78 -1 85;96 -0 12
35 -37 -1 m6 81 -1 89;103 4 11
32 -36 -1 m2 14 5 55;29 5 30;53 4 15
32 -36 -1 m1 18 5 50;26 5 33;45 8 8;72 5 8
32 -36 -1 m6 14 8 33;166 7 17;144 8 12;-36 7 12;-55 11 8
50 -14 0 m1 101 5 36;119 4 18;167 12 18;146 3 9;42 13 9
40 -38 -1 m3 123 6 83;79 0 17
40 -38 -1 m5 122 1 55;177 2 45
40 -38 -1 s 119 -2 80;104 -6 13;148 -2 6
38 -37 -1 s 107 -2 100
32 -38 -1 m2 52 11 69;41 4 8;80 12 8;21 16 8;-4 16 8
29 -28 -1 m6 -38 4 64;-50 5 18;-15 1 18
42 -9 2 s -83 26 42;-107 4 30;-118 4 27
32 -37 -1 s 72 -2 69;-3 9 15;64 -1 8;0 0 8
44 -15 0 s -127 2 100
43 -18 0 s -145 7 60;-159 7 35
41 -20 0 s -142 4 72;-132 2 28
35 -16 -1 s -35 1 85;-17 0 15
42 -8 2 s -130 20 50;-105 10 20;-54 18 16;-35 23 5
46 -12 2 s -130 8 69;-165 8 15;176 8 15
45 -12 2 s 170 6 64;-141 9 18;-165 9 18
26 -31 0 m0 -13 0 50;53 55 33;93 57 17
26 -32 0 m4 165 8 47;82 14 41;130 3 6;145 11 6
25 -32 0 m4 169 5 67;78 20 33
25 -31 0 m3 121 12 58;80 21 16;52 50 16;43 35 11
24 -30 0 s -27 12 73;-17 9 21
24 -31 0 m0 -12 12 95;11 18 5
25 -31 0 m7 -30 16 46;-52 30 23;12 18 15;45 52 8;-10 16 8
25 -31 0 s 41 57 24;57 69 24;-36 22 21;169 22 14
25 -31 0 m6 -32 26 64;-73 16 18;-66 18 9;-113 -59 9
26 -32 0 m0 -6 10 86;4 7 9
27 -32 0 m6 26 5 42;-2 7 42;11 9 17
27 -33 0 s 48 0 85;42 1 12
28 -33 0 m0 29 9 64;-3 3 18;51 5 18
29 -32 0 s 14 11 36;32 11 26;-14 11 18;-59 12 11;66 10 8
28 -32 0 s 53 -0 100
27 -30 0 s -141 51 61;-168 59 26;-133 54 13
28 -12 0 s -40 11 100
34 -37 0 s 43 9 94;46 9 6
34 -37 0 m3 38 10 75;20 12 12;46 9 12
36 -38 0 s 96 16 57;153 19 18;84 15 12;-70 50 7
44 -7 2 s -109 3 90
38 -28 0 s 31 16 60;58 21 20;69 23 11;19 23 8
31 -27 -1 m2 100 11 82;84 9 18
32 -27 -1 s -50 7 54;-39 2 35;-79 6 5
42 -7 1 s 109 43 50;62 36 22;115 46 17;-15 21 11
47 -10 2 s -129 4 100
30 -24 -1 s -37 3 100
25 -31 0 m5 38 61 75;51 75 17;-57 -7 8
52 -34 0 s 173 1 57;-173 1 43
34 -38 0 s 79 -1 89;96 2 11
25 -30 -1 s 32 1 52;-32 -12 17;45 14 11;15 8 9;-50 7 9
24 -31 0 m4 169 9 71;-178 15 29
24 -31 0 s -16 15 59;9 15 28
25 -32 0 m0 -10 12 100
28 -33 0 m7 55 1 61;-32 6 17;39 3 13
28 -33 0 s 54 0 89;42 1 10
29 -33 0 s 123 8 94;93 6 6
23 -31 0 s 30 9 60;165 4 20;75 6 10;14 11 10
34 -39 -1 s 177 56 54;-53 9 31;135 47 8;7 26 8
42 -37 -1 s 159 2 54;146 2 35;77 15 8
38 -39 -1 s 73 5 69;100 0 25;61 -1 6
38 -38 -1 s 108 -1 41;121 0 32;75 -0 14;139 2 8
39 -39 -1 s 117 -0 47;105 -2 34;78 -1 15
46 -38 -2 s 147 -5 51;122 -0 34;160 -1 15
46 -38 -2 m0 161 -1 100
47 -38 -2 s 120 3 59;161 -1 29;152 0 12
46 -38 -1 s 147 -5 54;124 -0 31;102 4 15
40 -34 -2 s 123 4 100
27 -9 0 s -23 7 95
32 -1 0 s -74 0 100
40 -18 0 m5 -126 12 67;-145 14 29
39 -19 0 m5 -128 13 80;-142 14 20
36 -22 -1 m5 -129 12 82;-144 13 18
35 -23 -1 m5 -124 13 80;-139 12 20
33 -25 -1 m6 -104 10 40;-123 13 40;-140 12 20
39 -19 0 m4 -145 15 90;-127 10 10
41 -17 0 m5 -147 14 55;-133 11 45
